corpus,drama,utteranceBegin,utteranceEnd,utteranceSpeakerId,mentionBegin,mentionEnd,mentionSurface,entityId
gdc,11g1d.0,1369,1561,metzler,1481,1484,Ich,metzler
gdc,11g1d.0,2508,2801,sievers,2517,2520,Ich,sievers
gdc,11g1d.0,2806,2887,erster_reiter_bamberg,2859,2862,Ich,erster_reiter_bamberg
gdc,11g1d.0,3053,3168,sievers,3066,3069,ich,sievers
gdc,11g1d.0,3286,3525,wirt,3407,3413,meiner,wirt
gdc,11g1d.0,4300,4390,metzler,4360,4363,ich,metzler
gdc,11g1d.0,4395,4510,erster_reiter_berlichingen,4421,4424,ich,erster_reiter_berlichingen
gdc,11g1d.0,4739,4809,metzler,4748,4751,Ich,metzler
gdc,11g1d.0,4814,4865,sievers,4823,4826,Ich,sievers
gdc,11g1d.0,4870,4984,metzler,4929,4932,ich,metzler
gdc,11g1d.0,4870,4984,metzler,4958,4961,ich,metzler
gdc,11g1d.0,5105,5797,goetz,5142,5147,meine,goetz
gdc,11g1d.0,5105,5797,goetz,5180,5183,ich,goetz
gdc,11g1d.0,5105,5797,goetz,5207,5211,mich,goetz
gdc,11g1d.0,5105,5797,goetz,5338,5341,ich,goetz
gdc,11g1d.0,5105,5797,goetz,5370,5373,ich,goetz
gdc,11g1d.0,5105,5797,goetz,5374,5377,mir,goetz
gdc,11g1d.0,5105,5797,goetz,5486,5489,ich,goetz
gdc,11g1d.0,5105,5797,goetz,5618,5622,mich,goetz
gdc,11g1d.0,5105,5797,goetz,5650,5653,Ich,goetz
gdc,11g1d.0,5105,5797,goetz,5673,5676,mir,goetz
gdc,11g1d.0,6168,6313,georg,6188,6191,Ich,georg
gdc,11g1d.0,6168,6313,georg,6238,6244,meines,georg
gdc,11g1d.0,6420,6556,georg,6467,6470,mir,georg
gdc,11g1d.0,6420,6556,georg,6487,6490,Ich,georg
gdc,11g1d.0,6420,6556,georg,6532,6535,ich,georg
gdc,11g1d.0,6670,6766,georg,6685,6688,ich,georg
gdc,11g1d.0,6771,6937,goetz,6783,6786,mir,goetz
gdc,11g1d.0,6771,6937,goetz,6870,6873,Ich,goetz
gdc,11g1d.0,6771,6937,goetz,6898,6903,meine,goetz
gdc,11g1d.0,6997,7023,georg,7009,7012,ich,georg
gdc,11g1d.0,7107,7290,georg,7179,7182,Ich,georg
gdc,11g1d.0,7107,7290,georg,7238,7241,Ich,georg
gdc,11g1d.0,7393,7485,georg,7407,7411,mich,georg
gdc,11g1d.0,7393,7485,georg,7421,7424,ich,georg
gdc,11g1d.0,7515,7626,georg,7617,7620,ich,georg
gdc,11g1d.0,7631,7668,goetz,7654,7659,meine,goetz
gdc,11g1d.0,7673,7801,georg,7699,7702,ich,georg
gdc,11g1d.0,7842,7887,georg,7855,7859,mich,georg
gdc,11g1d.0,7842,7887,georg,7869,7872,ich,georg
gdc,11g1d.0,7892,8329,goetz,7919,7923,mein,goetz
gdc,11g1d.0,7892,8329,goetz,8026,8029,Ich,goetz
gdc,11g1d.0,7892,8329,goetz,8206,8209,mir,goetz
gdc,11g1d.0,7892,8329,goetz,8229,8234,meine,goetz
gdc,11g1d.0,8440,8625,martin,8554,8560,meinem,martin
gdc,11g1d.0,8440,8625,martin,8584,8587,ich,martin
gdc,11g1d.0,8440,8625,martin,8608,8614,meinen,martin
gdc,11g1d.0,8741,8807,martin,8753,8757,mich,martin
gdc,11g1d.0,8741,8807,martin,8778,8781,Ich,martin
gdc,11g1d.0,8844,8992,martin,8892,8896,mein,martin
gdc,11g1d.0,8844,8992,martin,8948,8952,mein,martin
gdc,11g1d.0,8844,8992,martin,8976,8979,ich,martin
gdc,11g1d.0,9029,9126,martin,9093,9097,mein,martin
gdc,11g1d.0,9029,9126,martin,9098,9101,ich,martin
gdc,11g1d.0,9533,9571,goetz,9543,9546,ich,goetz
gdc,11g1d.0,9576,9633,martin,9594,9597,ich,martin
gdc,11g1d.0,10219,10615,martin,10259,10262,Ich,martin
gdc,11g1d.0,10219,10615,martin,10317,10320,ich,martin
gdc,11g1d.0,10219,10615,martin,10395,10398,ich,martin
gdc,11g1d.0,10219,10615,martin,10416,10419,ich,martin
gdc,11g1d.0,10219,10615,martin,10463,10467,mich,martin
gdc,11g1d.0,10715,10982,martin,10742,10746,mich,martin
gdc,11g1d.0,10715,10982,martin,10784,10787,ich,martin
gdc,11g1d.0,10715,10982,martin,10811,10815,Mein,martin
gdc,11g1d.0,10715,10982,martin,10826,10830,mich,martin
gdc,11g1d.0,10715,10982,martin,10832,10836,mein,martin
gdc,11g1d.0,10715,10982,martin,10877,10880,ich,martin
gdc,11g1d.0,10715,10982,martin,10912,10916,mich,martin
gdc,11g1d.0,10715,10982,martin,10949,10952,Ich,martin
gdc,11g1d.0,11051,11089,goetz,11070,11074,mich,goetz
gdc,11g1d.0,11094,11141,martin,11106,11109,ich,martin
gdc,11g1d.0,11229,11826,martin,11286,11289,mir,martin
gdc,11g1d.0,11831,11976,goetz,11871,11874,ich,goetz
gdc,11g1d.0,11981,12502,martin,12002,12007,meine,martin
gdc,11g1d.0,11981,12502,martin,12063,12067,mein,martin
gdc,11g1d.0,11981,12502,martin,12265,12270,Meine,martin
gdc,11g1d.0,11981,12502,martin,12341,12347,meiner,martin
gdc,11g1d.0,11981,12502,martin,12417,12421,mich,martin
gdc,11g1d.0,11981,12502,martin,12467,12471,mein,martin
gdc,11g1d.0,12540,12993,martin,12559,12562,ich,martin
gdc,11g1d.0,12540,12993,martin,12591,12597,meinen,martin
gdc,11g1d.0,12540,12993,martin,12931,12934,mir,martin
gdc,11g1d.0,13035,13323,martin,13194,13197,ich,martin
gdc,11g1d.0,13035,13323,martin,13246,13249,ich,martin
gdc,11g1d.0,13512,13660,martin,13590,13593,Ich,martin
gdc,11g1d.0,13665,13741,goetz,13690,13694,mich,goetz
gdc,11g1d.0,13746,13821,georg,13770,13773,ich,georg
gdc,11g1d.0,13826,13973,goetz,13837,13841,mein,goetz
gdc,11g1d.0,13978,14010,martin,13986,13989,Ich,martin
gdc,11g1d.0,14015,14075,goetz,14030,14033,mir,goetz
gdc,11g1d.0,14080,14162,martin,14105,14108,mir,martin
gdc,11g1d.0,14080,14162,martin,14124,14127,ich,martin
gdc,11g1d.0,14167,14395,goetz,14241,14246,Meine,goetz
gdc,11g1d.0,14400,14646,martin,14443,14446,Ich,martin
gdc,11g1d.0,14400,14646,martin,14471,14475,mich,martin
gdc,11g1d.0,14400,14646,martin,14609,14612,mir,martin
gdc,11g1d.0,14400,14646,martin,14630,14634,mich,martin
gdc,11g1d.0,14678,15323,martin,14691,14695,mich,martin
gdc,11g1d.0,14678,15323,martin,15234,15237,ich,martin
gdc,11g1d.0,15327,15560,martin,15357,15360,Ich,martin
gdc,11g1d.0,15327,15560,martin,15455,15458,ich,martin
gdc,11g1d.0,15327,15560,martin,15497,15500,mir,martin
gdc,11g1d.0,15327,15560,martin,15523,15526,mir,martin
gdc,11g1d.0,15327,15560,martin,15545,15548,ich,martin
gdc,11g1d.0,15671,15737,martin,15687,15691,mein,martin
gdc,11g1d.0,15671,15737,martin,15703,15706,ich,martin
gdc,11g1d.0,15741,15917,martin,15753,15756,mir,martin
gdc,11g1d.0,15741,15917,martin,15784,15787,ich,martin
gdc,11g1d.0,15741,15917,martin,15819,15823,mein,martin
gdc,11g1d.0,15977,16009,martin,15990,15993,ich,martin
gdc,11g1d.0,16014,16109,georg,16033,16036,ich,georg
gdc,11g1d.0,16238,16306,georg,16292,16295,ich,georg
gdc,11g1d.0,16474,16749,georg,16512,16515,ich,georg
gdc,11g1d.0,16474,16749,georg,16611,16614,ich,georg
gdc,11g1d.0,16474,16749,georg,16654,16658,mich,georg
gdc,11g1d.0,16474,16749,georg,16679,16682,mir,georg
gdc,11g1d.0,16474,16749,georg,16726,16729,mir,georg
gdc,11g1d.0,16823,16922,karl,16829,16832,Ich,karl
gdc,11g1d.0,16823,16922,karl,16865,16868,mir,karl
gdc,11g1d.0,16927,17002,maria,16944,16947,mir,maria
gdc,11g1d.0,16927,17002,maria,16975,16978,ich,maria
gdc,11g1d.0,17007,17145,karl,17024,17027,ich,karl
gdc,11g1d.0,17007,17145,karl,17033,17037,mich,karl
gdc,11g1d.0,17208,17229,karl,17214,17217,Ich,karl
gdc,11g1d.0,17548,17642,karl,17561,17564,mir,karl
gdc,11g1d.0,17548,17642,karl,17570,17573,ich,karl
gdc,11g1d.0,17877,17980,maria,17945,17949,mich,maria
gdc,11g1d.0,17985,18035,karl,18031,18034,ich,karl
gdc,11g1d.0,18233,18291,maria,18268,18271,mir,maria
gdc,11g1d.0,18477,18627,elisabeth,18488,18491,Ich,elisabeth
gdc,11g1d.0,18477,18627,elisabeth,18517,18521,mein,elisabeth
gdc,11g1d.0,18632,18759,maria,18639,18643,Mich,maria
gdc,11g1d.0,18632,18759,maria,18666,18669,ich,maria
gdc,11g1d.0,18632,18759,maria,18733,18736,ich,maria
gdc,11g1d.0,18764,18835,elisabeth,18786,18789,ich,elisabeth
gdc,11g1d.0,18764,18835,elisabeth,18803,18807,mich,elisabeth
gdc,11g1d.0,19096,19127,karl,19112,19115,mir,karl
gdc,11g1d.0,19132,19294,elisabeth,19143,19146,Ich,elisabeth
gdc,11g1d.0,20131,20316,elisabeth,20296,20302,meinem,elisabeth
gdc,11g1d.0,20321,20474,maria,20365,20369,Mein,maria
gdc,11g1d.0,20321,20474,maria,20406,20409,Ich,maria
gdc,11g1d.0,20525,20724,maria,20536,20539,ich,maria
gdc,11g1d.0,20525,20724,maria,20560,20564,mich,maria
gdc,11g1d.0,20729,21010,elisabeth,20879,20885,meines,elisabeth
gdc,11g1d.0,21598,21659,elisabeth,21635,21641,meinem,elisabeth
gdc,11g1d.0,21664,22066,reiter,21672,21675,Ich,reiter
gdc,11g1d.0,22071,22108,maria,22095,22098,mir,maria
gdc,11g1d.0,22113,22375,reiter,22121,22124,Ich,reiter
gdc,11g1d.0,22113,22375,reiter,22129,22133,mein,reiter
gdc,11g1d.0,22380,22439,elisabeth,22391,22394,Ich,elisabeth
gdc,11g1d.0,22602,22649,maria,22627,22630,mir,maria
gdc,11g1d.0,22654,22746,elisabeth,22671,22674,Ich,elisabeth
gdc,11g1d.0,22871,22897,karl,22877,22880,Ich,karl
gdc,11g1d.0,22931,23546,reiter,23083,23086,mir,reiter
gdc,11g1d.0,22931,23546,reiter,23114,23117,mir,reiter
gdc,11g1d.0,22931,23546,reiter,23118,23122,mein,reiter
gdc,11g1d.0,22931,23546,reiter,23153,23156,mir,reiter
gdc,11g1d.0,22931,23546,reiter,23357,23360,ich,reiter
gdc,11g1d.0,22931,23546,reiter,23502,23505,Ich,reiter
gdc,11g1d.0,23551,23593,weislingen,23568,23572,mich,weislingen
gdc,11g1d.0,23598,24814,goetz,23670,23673,Mir,goetz
gdc,11g1d.0,23598,24814,goetz,23697,23700,Ich,goetz
gdc,11g1d.0,23598,24814,goetz,23726,23732,meines,goetz
gdc,11g1d.0,23598,24814,goetz,23815,23819,mich,goetz
gdc,11g1d.0,23598,24814,goetz,23827,23830,Ich,goetz
gdc,11g1d.0,23598,24814,goetz,23907,23910,ich,goetz
gdc,11g1d.0,23598,24814,goetz,24148,24151,mir,goetz
gdc,11g1d.0,23598,24814,goetz,24162,24165,ich,goetz
gdc,11g1d.0,23598,24814,goetz,24183,24186,Ich,goetz
gdc,11g1d.0,23598,24814,goetz,24196,24202,meinem,goetz
gdc,11g1d.0,23598,24814,goetz,24249,24252,mir,goetz
gdc,11g1d.0,23598,24814,goetz,24305,24308,mir,goetz
gdc,11g1d.0,23598,24814,goetz,24325,24328,ich,goetz
gdc,11g1d.0,23598,24814,goetz,24342,24346,mich,goetz
gdc,11g1d.0,23598,24814,goetz,24389,24392,ich,goetz
gdc,11g1d.0,23598,24814,goetz,24461,24464,ich,goetz
gdc,11g1d.0,23598,24814,goetz,24493,24496,ich,goetz
gdc,11g1d.0,23598,24814,goetz,24520,24523,ich,goetz
gdc,11g1d.0,23598,24814,goetz,24532,24535,ich,goetz
gdc,11g1d.0,23598,24814,goetz,24558,24562,mich,goetz
gdc,11g1d.0,24819,24864,weislingen,24831,24834,Ich,weislingen
gdc,11g1d.0,24819,24864,weislingen,24852,24856,mich,weislingen
gdc,11g1d.0,24869,24980,goetz,24886,24889,Ich,goetz
gdc,11g1d.0,24869,24980,goetz,24930,24936,meiner,goetz
gdc,11g1d.0,24869,24980,goetz,24949,24952,ich,goetz
gdc,11g1d.0,24985,25058,weislingen,25007,25010,mir,weislingen
gdc,11g1d.0,25063,25106,goetz,25091,25094,mir,goetz
gdc,11g1d.0,25111,25161,weislingen,25123,25126,Ich,weislingen
gdc,11g1d.0,25518,25588,karl,25564,25567,ich,karl
gdc,11g1d.0,25608,25642,karl,25622,25625,mir,karl
gdc,11g1d.0,25672,25699,karl,25678,25681,Ich,karl
gdc,11g1d.0,25718,25763,karl,25729,25732,ich,karl
gdc,11g1d.0,25791,25815,karl,25797,25800,Ich,karl
gdc,11g1d.0,26228,26370,goetz,26243,26246,ich,goetz
gdc,11g1d.0,26228,26370,goetz,26256,26259,Ich,goetz
gdc,11g1d.0,26228,26370,goetz,26298,26301,ich,goetz
gdc,11g1d.0,26487,26555,karl,26501,26505,mich,karl
gdc,11g1d.0,26631,26761,goetz,26684,26687,ich,goetz
gdc,11g1d.0,26631,26761,goetz,26716,26719,Ich,goetz
gdc,11g1d.0,26631,26761,goetz,26724,26729,meine,goetz
gdc,11g1d.0,27105,27216,goetz,27162,27165,mir,goetz
gdc,11g1d.0,27221,28025,weislingen,27240,27243,ich,weislingen
gdc,11g1d.0,27221,28025,weislingen,27319,27322,ich,weislingen
gdc,11g1d.0,27221,28025,weislingen,27323,27327,mich,weislingen
gdc,11g1d.0,27221,28025,weislingen,27370,27373,ich,weislingen
gdc,11g1d.0,27221,28025,weislingen,27393,27396,ich,weislingen
gdc,11g1d.0,27221,28025,weislingen,27679,27682,ich,weislingen
gdc,11g1d.0,27221,28025,weislingen,27904,27909,meine,weislingen
gdc,11g1d.0,27221,28025,weislingen,27919,27922,Ich,weislingen
gdc,11g1d.0,27221,28025,weislingen,27958,27964,meinem,weislingen
gdc,11g1d.0,27221,28025,weislingen,27995,27998,mir,weislingen
gdc,11g1d.0,27221,28025,weislingen,28014,28017,ich,weislingen
gdc,11g1d.0,28379,28725,goetz,28545,28548,Ich,goetz
gdc,11g1d.0,28379,28725,goetz,28558,28562,mich,goetz
gdc,11g1d.0,28379,28725,goetz,28575,28581,meiner,goetz
gdc,11g1d.0,28379,28725,goetz,28609,28612,ich,goetz
gdc,11g1d.0,28379,28725,goetz,28650,28653,ich,goetz
gdc,11g1d.0,28804,29103,goetz,28821,28824,ich,goetz
gdc,11g1d.0,28804,29103,goetz,29039,29042,Mir,goetz
gdc,11g1d.0,29171,29398,goetz,29229,29232,Ich,goetz
gdc,11g1d.0,29171,29398,goetz,29243,29247,mich,goetz
gdc,11g1d.0,29171,29398,goetz,29264,29267,ich,goetz
gdc,11g1d.0,29438,29915,goetz,29478,29481,ich,goetz
gdc,11g1d.0,29438,29915,goetz,29506,29510,mich,goetz
gdc,11g1d.0,29438,29915,goetz,29555,29558,ich,goetz
gdc,11g1d.0,29438,29915,goetz,29649,29652,ich,goetz
gdc,11g1d.0,29438,29915,goetz,29722,29726,mein,goetz
gdc,11g1d.0,29438,29915,goetz,29738,29741,mir,goetz
gdc,11g1d.0,29438,29915,goetz,29793,29797,mein,goetz
gdc,11g1d.0,29438,29915,goetz,29833,29837,mich,goetz
gdc,11g1d.0,29438,29915,goetz,29848,29851,Ich,goetz
gdc,11g1d.0,29438,29915,goetz,29882,29887,meine,goetz
gdc,11g1d.0,29940,30397,goetz,29954,29957,mir,goetz
gdc,11g1d.0,29940,30397,goetz,29985,29988,ich,goetz
gdc,11g1d.0,29940,30397,goetz,30149,30152,Ich,goetz
gdc,11g1d.0,29940,30397,goetz,30383,30386,ich,goetz
gdc,11g1d.0,30439,30957,goetz,30458,30461,ich,goetz
gdc,11g1d.0,30962,30990,weislingen,30979,30983,mich,weislingen
gdc,11g1d.0,31885,32864,goetz,31899,31902,Ich,goetz
gdc,11g1d.0,31885,32864,goetz,32019,32022,Ich,goetz
gdc,11g1d.0,31885,32864,goetz,32759,32762,Ich,goetz
gdc,11g1d.0,33032,33082,weislingen,33061,33064,ich,weislingen
gdc,11g1d.0,33087,33650,goetz,33176,33179,Ich,goetz
gdc,11g1d.0,33087,33650,goetz,33227,33230,ich,goetz
gdc,11g1d.0,33087,33650,goetz,33481,33484,mir,goetz
gdc,11g1d.0,33087,33650,goetz,33555,33558,ich,goetz
gdc,11g1d.0,33806,34032,goetz,33837,33843,meinem,goetz
gdc,11g1d.0,33806,34032,goetz,33952,33955,ich,goetz
gdc,11g1d.0,33806,34032,goetz,33989,33992,ich,goetz
gdc,11g1d.0,34095,34802,goetz,34118,34121,ich,goetz
gdc,11g1d.0,34095,34802,goetz,34147,34150,Ich,goetz
gdc,11g1d.0,34095,34802,goetz,34192,34195,ich,goetz
gdc,11g1d.0,34095,34802,goetz,34418,34422,mich,goetz
gdc,11g1d.0,34095,34802,goetz,34443,34447,mich,goetz
gdc,11g1d.0,34095,34802,goetz,34489,34495,meinen,goetz
gdc,11g1d.0,34095,34802,goetz,34539,34543,mich,goetz
gdc,11g1d.0,34095,34802,goetz,34568,34572,mich,goetz
gdc,11g1d.0,34095,34802,goetz,34608,34614,meinen,goetz
gdc,11g1d.0,34095,34802,goetz,34648,34651,ich,goetz
gdc,11g1d.0,34095,34802,goetz,34736,34740,mich,goetz
gdc,11g1d.0,34837,34955,goetz,34865,34868,Ich,goetz
gdc,11g1d.0,34987,35160,goetz,35023,35026,ich,goetz
gdc,11g1d.0,34987,35160,goetz,35034,35039,meine,goetz
gdc,11g1d.0,35855,35975,liebetraut,35948,35951,ich,liebetraut
gdc,11g1d.0,35855,35975,liebetraut,35952,35956,mein,liebetraut
gdc,11g1d.0,36562,36690,olearius,36581,36584,ich,olearius
gdc,11g1d.0,37448,37514,abt,37457,37461,mein,abt
gdc,11g1d.0,37448,37514,abt,37462,37465,ich,abt
gdc,11g1d.0,37743,37844,olearius,37753,37756,Ich,olearius
gdc,11g1d.0,37743,37844,olearius,37826,37832,meinem,olearius
gdc,11g1d.0,38029,38174,olearius,38056,38059,Ich,olearius
gdc,11g1d.0,38029,38174,olearius,38068,38074,meines,olearius
gdc,11g1d.0,38029,38174,olearius,38119,38123,mich,olearius
gdc,11g1d.0,38029,38174,olearius,38155,38158,ich,olearius
gdc,11g1d.0,39460,39648,liebetraut,39496,39499,Ich,liebetraut
gdc,11g1d.0,39460,39648,liebetraut,39625,39628,Ich,liebetraut
gdc,11g1d.0,39653,39846,olearius,39663,39667,Mein,olearius
gdc,11g1d.0,39653,39846,olearius,39720,39726,meiner,olearius
gdc,11g1d.0,39653,39846,olearius,39770,39773,ich,olearius
gdc,11g1d.0,39653,39846,olearius,39774,39778,mich,olearius
gdc,11g1d.0,40606,40673,liebetraut,40623,40626,ich,liebetraut
gdc,11g1d.0,40606,40673,liebetraut,40653,40656,mir,liebetraut
gdc,11g1d.0,40964,41105,liebetraut,41031,41034,mir,liebetraut
gdc,11g1d.0,40964,41105,liebetraut,41064,41067,ich,liebetraut
gdc,11g1d.0,42281,42601,bischof,42334,42338,mein,bischof
gdc,11g1d.0,42281,42601,bischof,42378,42382,mich,bischof
gdc,11g1d.0,42281,42601,bischof,42436,42439,ich,bischof
gdc,11g1d.0,43283,43365,liebetraut,43295,43298,Ich,liebetraut
gdc,11g1d.0,43529,43566,olearius,43546,43549,mir,olearius
gdc,11g1d.0,43571,43688,bischof,43580,43583,Ich,bischof
gdc,11g1d.0,43571,43688,bischof,43626,43629,Ich,bischof
gdc,11g1d.0,43571,43688,bischof,43670,43674,mein,bischof
gdc,11g1d.0,44012,44108,liebetraut,44038,44041,ich,liebetraut
gdc,11g1d.0,44012,44108,liebetraut,44068,44071,ich,liebetraut
gdc,11g1d.0,44148,44268,maria,44165,44169,mich,maria
gdc,11g1d.0,44148,44268,maria,44181,44184,Ich,maria
gdc,11g1d.0,44273,44349,weislingen,44285,44288,Ich,weislingen
gdc,11g1d.0,44273,44349,weislingen,44315,44318,ich,weislingen
gdc,11g1d.0,44353,44528,maria,44360,44363,Ich,maria
gdc,11g1d.0,44353,44528,maria,44381,44385,mich,maria
gdc,11g1d.0,44353,44528,maria,44401,44404,ich,maria
gdc,11g1d.0,44641,44861,maria,44661,44664,ich,maria
gdc,11g1d.0,44641,44861,maria,44702,44706,mich,maria
gdc,11g1d.0,44903,45162,maria,44923,44929,meines,maria
gdc,11g1d.0,44903,45162,maria,44947,44951,mein,maria
gdc,11g1d.0,44903,45162,maria,44973,44976,ich,maria
gdc,11g1d.0,44903,45162,maria,45011,45014,ich,maria
gdc,11g1d.0,44903,45162,maria,45030,45033,ich,maria
gdc,11g1d.0,45167,45269,weislingen,45226,45229,mir,weislingen
gdc,11g1d.0,45167,45269,weislingen,45245,45248,ich,weislingen
gdc,11g1d.0,45274,45387,maria,45326,45329,ich,maria
gdc,11g1d.0,45274,45387,maria,45336,45339,ich,maria
gdc,11g1d.0,45274,45387,maria,45352,45355,mir,maria
gdc,11g1d.0,45392,45579,weislingen,45408,45413,meine,weislingen
gdc,11g1d.0,45392,45579,weislingen,45428,45431,ich,weislingen
gdc,11g1d.0,45392,45579,weislingen,45443,45446,ich,weislingen
gdc,11g1d.0,45392,45579,weislingen,45473,45476,ich,weislingen
gdc,11g1d.0,45392,45579,weislingen,45477,45480,mir,weislingen
gdc,11g1d.0,45392,45579,weislingen,45564,45568,mich,weislingen
gdc,11g1d.0,45584,45712,maria,45671,45674,ich,maria
gdc,11g1d.0,45584,45712,maria,45691,45694,ich,maria
gdc,11g1d.0,45717,45895,weislingen,45751,45754,ich,weislingen
gdc,11g1d.0,45717,45895,weislingen,45771,45777,meiner,weislingen
gdc,11g1d.0,45949,46498,weislingen,45984,45987,ich,weislingen
gdc,11g1d.0,45949,46498,weislingen,46040,46043,ich,weislingen
gdc,11g1d.0,45949,46498,weislingen,46050,46053,ich,weislingen
gdc,11g1d.0,45949,46498,weislingen,46098,46102,mich,weislingen
gdc,11g1d.0,45949,46498,weislingen,46398,46401,Ich,weislingen
gdc,11g1d.0,45949,46498,weislingen,46450,46453,mir,weislingen
gdc,11g1d.0,46502,46986,goetz,46591,46596,Meine,goetz
gdc,11g1d.0,46502,46986,goetz,46633,46636,ich,goetz
gdc,11g1d.0,46502,46986,goetz,46859,46862,ich,goetz
gdc,11g1d.0,46502,46986,goetz,46921,46927,meinen,goetz
gdc,11g1d.0,46991,47260,weislingen,47012,47015,ich,weislingen
gdc,11g1d.0,46991,47260,weislingen,47164,47167,mir,weislingen
gdc,11g1d.0,47265,47298,goetz,47276,47279,ich,goetz
gdc,11g1d.0,47303,47335,maria,47326,47329,mir,maria
gdc,11g1d.0,47340,48323,goetz,47531,47534,ich,goetz
gdc,11g1d.0,47340,48323,goetz,47543,47547,Mein,goetz
gdc,11g1d.0,47340,48323,goetz,47569,47572,Ich,goetz
gdc,11g1d.0,47340,48323,goetz,47742,47745,Ich,goetz
gdc,11g1d.0,47340,48323,goetz,47772,47775,ich,goetz
gdc,11g1d.0,47340,48323,goetz,47801,47804,ich,goetz
gdc,11g1d.0,47340,48323,goetz,47841,47845,mein,goetz
gdc,11g1d.0,47340,48323,goetz,47857,47860,Mir,goetz
gdc,11g1d.0,47340,48323,goetz,47880,47883,ich,goetz
gdc,11g1d.0,47340,48323,goetz,47892,47897,meine,goetz
gdc,11g1d.0,47340,48323,goetz,47935,47939,mich,goetz
gdc,11g1d.0,47340,48323,goetz,48000,48003,Ich,goetz
gdc,11g1d.0,47340,48323,goetz,48036,48039,Ich,goetz
gdc,11g1d.0,47340,48323,goetz,48078,48081,ich,goetz
gdc,11g1d.0,47340,48323,goetz,48104,48107,mir,goetz
gdc,11g1d.0,47340,48323,goetz,48157,48160,mir,goetz
gdc,11g1d.0,47340,48323,goetz,48286,48289,Ich,goetz
gdc,11g1d.0,47340,48323,goetz,48294,48300,meiner,goetz
gdc,11g1d.0,48328,48368,maria,48335,48339,Mein,maria
gdc,11g1d.0,48373,48432,weislingen,48399,48402,ich,weislingen
gdc,11g1d.0,48516,48614,weislingen,48532,48535,ich,weislingen
gdc,11g1d.0,48516,48614,weislingen,48553,48557,mein,weislingen
gdc,11g1d.0,48619,48987,goetz,48644,48647,ich,goetz
gdc,11g1d.0,49335,49399,weislingen,49353,49356,Ich,weislingen
gdc,11g1d.0,49404,49814,goetz,49425,49430,meine,goetz
gdc,11g1d.0,50033,50779,weislingen,50073,50076,mir,weislingen
gdc,11g1d.0,50033,50779,weislingen,50138,50142,mein,weislingen
gdc,11g1d.0,50033,50779,weislingen,50153,50156,ich,weislingen
gdc,11g1d.0,50033,50779,weislingen,50194,50197,ich,weislingen
gdc,11g1d.0,50033,50779,weislingen,50315,50319,mich,weislingen
gdc,11g1d.0,50033,50779,weislingen,50320,50323,mir,weislingen
gdc,11g1d.0,50033,50779,weislingen,50372,50377,meine,weislingen
gdc,11g1d.0,50033,50779,weislingen,50394,50397,Ich,weislingen
gdc,11g1d.0,50033,50779,weislingen,50404,50408,mich,weislingen
gdc,11g1d.0,50033,50779,weislingen,50452,50455,ich,weislingen
gdc,11g1d.0,50033,50779,weislingen,50534,50538,mich,weislingen
gdc,11g1d.0,50033,50779,weislingen,50545,50548,mir,weislingen
gdc,11g1d.0,50033,50779,weislingen,50565,50569,Mein,weislingen
gdc,11g1d.0,50783,50976,franz,50823,50826,Ich,franz
gdc,11g1d.0,50783,50976,franz,50857,50860,ich,franz
gdc,11g1d.0,51372,51741,franz,51460,51465,meine,franz
gdc,11g1d.0,51372,51741,franz,51657,51660,Ich,franz
gdc,11g1d.0,51796,52197,franz,52060,52063,mir,franz
gdc,11g1d.0,51796,52197,franz,52089,52092,ich,franz
gdc,11g1d.0,51796,52197,franz,52161,52164,Ich,franz
gdc,11g1d.0,52320,52372,weislingen,52348,52351,Ich,weislingen
gdc,11g1d.0,52377,52508,franz,52447,52450,ich,franz
gdc,11g1d.0,52377,52508,franz,52491,52494,ich,franz
gdc,11g1d.0,52545,52694,franz,52587,52590,ich,franz
gdc,11g1d.0,52545,52694,franz,52597,52600,mir,franz
gdc,11g1d.0,52730,52810,franz,52737,52740,Ich,franz
gdc,11g1d.0,52881,52939,weislingen,52898,52901,Ich,weislingen
gdc,11g1d.0,52944,53168,franz,52994,52997,Ich,franz
gdc,11g1d.0,53213,53513,franz,53259,53262,ich,franz
gdc,11g1d.0,53213,53513,franz,53279,53282,ich,franz
gdc,11g1d.0,53213,53513,franz,53339,53342,ich,franz
gdc,11g1d.0,53213,53513,franz,53350,53353,ich,franz
gdc,11g1d.0,53551,54094,franz,53562,53565,ich,franz
gdc,11g1d.0,53551,54094,franz,53664,53667,mir,franz
gdc,11g1d.0,53551,54094,franz,53699,53702,mir,franz
gdc,11g1d.0,53551,54094,franz,53717,53720,ich,franz
gdc,11g1d.0,53551,54094,franz,53742,53745,ich,franz
gdc,11g1d.0,53551,54094,franz,53896,53899,Ich,franz
gdc,11g1d.0,54156,54913,franz,54171,54174,ich,franz
gdc,11g1d.0,54156,54913,franz,54301,54304,ich,franz
gdc,11g1d.0,54156,54913,franz,54305,54309,mich,franz
gdc,11g1d.0,54156,54913,franz,54326,54330,mich,franz
gdc,11g1d.0,54156,54913,franz,54354,54357,mir,franz
gdc,11g1d.0,54156,54913,franz,54520,54523,Ich,franz
gdc,11g1d.0,54156,54913,franz,54600,54603,ich,franz
gdc,11g1d.0,54156,54913,franz,54611,54615,mich,franz
gdc,11g1d.0,54156,54913,franz,54617,54620,Ich,franz
gdc,11g1d.0,54156,54913,franz,54627,54631,mein,franz
gdc,11g1d.0,54156,54913,franz,54705,54708,ich,franz
gdc,11g1d.0,54156,54913,franz,54759,54762,ich,franz
gdc,11g1d.0,54156,54913,franz,54834,54837,mir,franz
gdc,11g1d.0,54156,54913,franz,54862,54865,ich,franz
gdc,11g1d.0,54156,54913,franz,54882,54885,ich,franz
gdc,11g1d.0,55149,55210,weislingen,55198,55202,mich,weislingen
gdc,11g1d.0,55215,55264,franz,55222,55225,Ich,franz
gdc,11g1d.0,55269,55655,weislingen,55289,55292,ich,weislingen
gdc,11g1d.0,55269,55655,weislingen,55300,55305,Meine,weislingen
gdc,11g1d.0,55269,55655,weislingen,55334,55340,meines,weislingen
gdc,11g1d.0,55269,55655,weislingen,55490,55494,mein,weislingen
gdc,11g1d.0,55269,55655,weislingen,55557,55561,mein,weislingen
gdc,11g1d.0,55269,55655,weislingen,55570,55573,Ich,weislingen
gdc,11g1d.0,55269,55655,weislingen,55630,55636,meiner,weislingen
gdc,11g1d.0,55661,56099,franz,55779,55782,ich,franz
gdc,11g1d.0,55661,56099,franz,55936,55939,Ich,franz
gdc,11g1d.0,55661,56099,franz,55949,55952,Ich,franz
gdc,11g1d.0,55661,56099,franz,55980,55984,mich,franz
gdc,11g1d.0,55661,56099,franz,56004,56008,Mein,franz
gdc,11g1d.0,55661,56099,franz,56023,56026,Ich,franz
gdc,11g1d.0,55661,56099,franz,56048,56051,ich,franz
gdc,11g1d.0,55661,56099,franz,56052,56056,mich,franz
gdc,11g1d.0,56874,56985,liebetraut,56904,56907,ich,liebetraut
gdc,11g1d.0,56874,56985,liebetraut,56920,56923,ich,liebetraut
gdc,11g1d.0,57062,57334,liebetraut,57087,57090,Ich,liebetraut
gdc,11g1d.0,57062,57334,liebetraut,57218,57221,ich,liebetraut
gdc,11g1d.0,57381,58172,liebetraut,57670,57673,mir,liebetraut
gdc,11g1d.0,57381,58172,liebetraut,57686,57689,ich,liebetraut
gdc,11g1d.0,58600,58653,adelheid,58610,58613,Ich,adelheid
gdc,11g1d.0,58689,58850,liebetraut,58820,58823,ich,liebetraut
gdc,11g1d.0,58892,58919,liebetraut,58904,58910,Meinen,liebetraut
gdc,11g1d.0,59005,59064,liebetraut,59022,59025,ich,liebetraut
gdc,11g1d.0,59156,59290,adelheid,59176,59180,mich,adelheid
gdc,11g1d.0,59156,59290,adelheid,59272,59275,mir,adelheid
gdc,11g1d.0,59295,59344,liebetraut,59340,59343,ich,liebetraut
gdc,11g1d.0,59439,59544,bischof,59486,59492,meinem,bischof
gdc,11g1d.0,59439,59544,bischof,59532,59535,mir,bischof
gdc,11g1d.0,59549,59695,liebetraut,59566,59569,ich,liebetraut
gdc,11g1d.0,59549,59695,liebetraut,59691,59694,ich,liebetraut
gdc,11g1d.0,59819,60013,liebetraut,59976,59979,Ich,liebetraut
gdc,11g1d.0,59819,60013,liebetraut,59998,60002,mich,liebetraut
gdc,11g1d.0,60073,60132,bischof,60114,60117,ich,bischof
gdc,11g1d.0,60073,60132,bischof,60118,60122,mich,bischof
gdc,11g1d.0,60137,60186,adelheid,60157,60161,mich,adelheid
gdc,11g1d.0,60250,60358,bischof,60288,60291,Ich,bischof
gdc,11g1d.0,60250,60358,bischof,60311,60314,mir,bischof
gdc,11g1d.0,60250,60358,bischof,60326,60329,mir,bischof
gdc,11g1d.0,60521,60704,goetz,60536,60539,mir,goetz
gdc,11g1d.0,60521,60704,goetz,60567,60570,ich,goetz
gdc,11g1d.0,60521,60704,goetz,60655,60661,meinen,goetz
gdc,11g1d.0,60521,60704,goetz,60692,60696,mich,goetz
gdc,11g1d.0,60762,60831,goetz,60772,60775,ich,goetz
gdc,11g1d.0,60762,60831,goetz,60787,60790,mir,goetz
gdc,11g1d.0,60993,61162,goetz,60999,61002,Ich,goetz
gdc,11g1d.0,61167,61241,selbitz,61176,61179,Ich,selbitz
gdc,11g1d.0,61733,61782,adelheid,61764,61767,Ich,adelheid
gdc,11g1d.0,61787,61865,kammerfraeulein,61802,61805,ich,kammerfraeulein
gdc,11g1d.0,61787,61865,kammerfraeulein,61842,61845,ich,kammerfraeulein
gdc,11g1d.0,61787,61865,kammerfraeulein,61853,61856,Ich,kammerfraeulein
gdc,11g1d.0,61968,62442,kammerfraeulein,61978,61981,Ich,kammerfraeulein
gdc,11g1d.0,62481,62832,kammerfraeulein,62495,62498,mir,kammerfraeulein
gdc,11g1d.0,62481,62832,kammerfraeulein,62796,62799,ich,kammerfraeulein
gdc,11g1d.0,62481,62832,kammerfraeulein,62820,62823,mir,kammerfraeulein
gdc,11g1d.0,62837,62879,adelheid,62847,62850,Ich,adelheid
gdc,11g1d.0,62999,63046,liebetraut,63042,63045,ich,liebetraut
gdc,11g1d.0,63203,63340,liebetraut,63309,63312,ich,liebetraut
gdc,11g1d.0,63401,64379,liebetraut,63460,63463,ich,liebetraut
gdc,11g1d.0,63401,64379,liebetraut,63469,63474,meine,liebetraut
gdc,11g1d.0,63401,64379,liebetraut,63519,63522,ich,liebetraut
gdc,11g1d.0,63401,64379,liebetraut,63533,63536,ich,liebetraut
gdc,11g1d.0,63401,64379,liebetraut,63663,63666,ich,liebetraut
gdc,11g1d.0,63401,64379,liebetraut,63781,63784,ich,liebetraut
gdc,11g1d.0,63401,64379,liebetraut,63885,63888,ich,liebetraut
gdc,11g1d.0,63401,64379,liebetraut,63940,63943,ich,liebetraut
gdc,11g1d.0,63401,64379,liebetraut,63987,63990,ich,liebetraut
gdc,11g1d.0,63401,64379,liebetraut,64238,64241,ich,liebetraut
gdc,11g1d.0,63401,64379,liebetraut,64357,64360,ich,liebetraut
gdc,11g1d.0,64384,64417,adelheid,64413,64416,mir,adelheid
gdc,11g1d.0,64663,64753,adelheid,64673,64676,Ich,adelheid
gdc,11g1d.0,64663,64753,adelheid,64727,64730,ich,adelheid
gdc,11g1d.0,64960,65004,goetz,64966,64969,Ich,goetz
gdc,11g1d.0,65009,65189,selbitz,65018,65021,Ich,selbitz
gdc,11g1d.0,65290,65415,goetz,65296,65299,Ich,goetz
gdc,11g1d.0,65482,65664,goetz,65488,65491,Mir,goetz
gdc,11g1d.0,65670,65707,georg,65684,65687,ich,georg
gdc,11g1d.0,65712,65816,goetz,65766,65769,Mir,goetz
gdc,11g1d.0,65821,65948,georg,65838,65842,mich,georg
gdc,11g1d.0,65821,65948,georg,65878,65882,mich,georg
gdc,11g1d.0,65821,65948,georg,65899,65902,mir,georg
gdc,11g1d.0,66042,66114,weislingen,66086,66089,ich,weislingen
gdc,11g1d.0,66042,66114,weislingen,66090,66096,meinen,weislingen
gdc,11g1d.0,66119,66300,bischof,66128,66131,Ich,bischof
gdc,11g1d.0,66119,66300,bischof,66227,66230,ich,bischof
gdc,11g1d.0,66119,66300,bischof,66266,66269,ich,bischof
gdc,11g1d.0,66305,66364,weislingen,66344,66347,mir,weislingen
gdc,11g1d.0,66369,66831,bischof,66378,66381,Ich,bischof
gdc,11g1d.0,66369,66831,bischof,66453,66456,Mir,bischof
gdc,11g1d.0,66369,66831,bischof,66563,66566,ich,bischof
gdc,11g1d.0,66369,66831,bischof,66688,66691,ich,bischof
gdc,11g1d.0,66369,66831,bischof,66709,66712,ich,bischof
gdc,11g1d.0,66369,66831,bischof,66752,66756,mich,bischof
gdc,11g1d.0,66867,66979,bischof,66892,66895,ich,bischof
gdc,11g1d.0,67026,67162,bischof,67035,67038,Ich,bischof
gdc,11g1d.0,67026,67162,bischof,67048,67054,meinen,bischof
gdc,11g1d.0,67026,67162,bischof,67090,67093,ich,bischof
gdc,11g1d.0,67211,67401,bischof,67282,67285,ich,bischof
gdc,11g1d.0,67211,67401,bischof,67318,67324,meinen,bischof
gdc,11g1d.0,67443,67668,bischof,67503,67508,meine,bischof
gdc,11g1d.0,67443,67668,bischof,67545,67549,mich,bischof
gdc,11g1d.0,67443,67668,bischof,67558,67561,ich,bischof
gdc,11g1d.0,67443,67668,bischof,67593,67596,Ich,bischof
gdc,11g1d.0,67673,67754,weislingen,67689,67692,ich,weislingen
gdc,11g1d.0,67673,67754,weislingen,67709,67712,ich,weislingen
gdc,11g1d.0,67955,68004,franz,67962,67965,Mir,franz
gdc,11g1d.0,67955,68004,franz,67980,67983,ich,franz
gdc,11g1d.0,68009,68072,weislingen,68021,68024,Mir,weislingen
gdc,11g1d.0,68009,68072,weislingen,68056,68059,ich,weislingen
gdc,11g1d.0,68163,68310,adelheid,68175,68178,Ich,adelheid
gdc,11g1d.0,68163,68310,adelheid,68237,68240,ich,adelheid
gdc,11g1d.0,68163,68310,adelheid,68266,68269,ich,adelheid
gdc,11g1d.0,68808,68838,weislingen,68833,68837,mich,weislingen
gdc,11g1d.0,68844,68888,adelheid,68854,68857,Ich,adelheid
gdc,11g1d.0,68968,69013,weislingen,68989,68993,mein,weislingen
gdc,11g1d.0,69018,69074,adelheid,69049,69052,mir,adelheid
gdc,11g1d.0,69136,69489,adelheid,69211,69214,Ich,adelheid
gdc,11g1d.0,69136,69489,adelheid,69261,69264,mir,adelheid
gdc,11g1d.0,69494,69614,weislingen,69521,69524,Ich,weislingen
gdc,11g1d.0,69494,69614,weislingen,69553,69556,ich,weislingen
gdc,11g1d.0,69494,69614,weislingen,69566,69569,mir,weislingen
gdc,11g1d.0,69494,69614,weislingen,69598,69602,mich,weislingen
gdc,11g1d.0,69667,69819,weislingen,69687,69690,mir,weislingen
gdc,11g1d.0,69667,69819,weislingen,69717,69720,ich,weislingen
gdc,11g1d.0,69667,69819,weislingen,69757,69761,mich,weislingen
gdc,11g1d.0,69667,69819,weislingen,69763,69766,Ich,weislingen
gdc,11g1d.0,69667,69819,weislingen,69784,69787,Ich,weislingen
gdc,11g1d.0,69824,69905,adelheid,69857,69860,ich,adelheid
gdc,11g1d.0,69910,69998,weislingen,69930,69933,Ich,weislingen
gdc,11g1d.0,69910,69998,weislingen,69944,69948,mich,weislingen
gdc,11g1d.0,70173,70830,adelheid,70187,70193,meinem,adelheid
gdc,11g1d.0,70874,71109,adelheid,70884,70887,Ich,adelheid
gdc,11g1d.0,71391,71454,weislingen,71440,71443,mir,weislingen
gdc,11g1d.0,71459,71665,adelheid,71594,71597,Mir,adelheid
gdc,11g1d.0,71713,71827,adelheid,71723,71726,Ich,adelheid
gdc,11g1d.0,71713,71827,adelheid,71784,71787,ich,adelheid
gdc,11g1d.0,71912,71953,adelheid,71931,71934,mir,adelheid
gdc,11g1d.0,71958,71987,weislingen,71974,71977,Ich,weislingen
gdc,11g1d.0,72015,72058,weislingen,72043,72046,Ich,weislingen
gdc,11g1d.0,72137,72193,adelheid,72153,72156,ich,adelheid
gdc,11g1d.0,72198,72232,weislingen,72215,72219,mich,weislingen
gdc,11g1d.0,72338,72377,adelheid,72348,72351,Ich,adelheid
gdc,11g1d.0,72534,72593,weislingen,72546,72549,Ich,weislingen
gdc,11g1d.0,72534,72593,weislingen,72572,72575,ich,weislingen
gdc,11g1d.0,72598,72798,adelheid,72608,72612,Mich,adelheid
gdc,11g1d.0,72598,72798,adelheid,72683,72686,Ich,adelheid
gdc,11g1d.0,72598,72798,adelheid,72712,72715,ich,adelheid
gdc,11g1d.0,72836,72873,weislingen,72857,72861,mich,weislingen
gdc,11g1d.0,72878,72928,franz,72905,72908,ich,franz
gdc,11g1d.0,72933,72970,weislingen,72954,72958,mich,weislingen
gdc,11g1d.0,73104,73737,weislingen,73173,73177,Mein,weislingen
gdc,11g1d.0,73104,73737,weislingen,73197,73200,ich,weislingen
gdc,11g1d.0,73104,73737,weislingen,73230,73234,mein,weislingen
gdc,11g1d.0,73104,73737,weislingen,73302,73306,mein,weislingen
gdc,11g1d.0,73104,73737,weislingen,73374,73377,ich,weislingen
gdc,11g1d.0,73104,73737,weislingen,73486,73489,ich,weislingen
gdc,11g1d.0,73104,73737,weislingen,73516,73519,ich,weislingen
gdc,11g1d.0,73104,73737,weislingen,73609,73613,mich,weislingen
gdc,11g1d.0,73104,73737,weislingen,73659,73662,ich,weislingen
gdc,11g1d.0,73104,73737,weislingen,73689,73692,ich,weislingen
gdc,11g1d.0,73780,73836,selbitz,73820,73823,ich,selbitz
gdc,11g1d.0,73869,74106,georg,73884,73887,ich,georg
gdc,11g1d.0,73869,74106,georg,73920,73923,Ich,georg
gdc,11g1d.0,73869,74106,georg,74009,74012,ich,georg
gdc,11g1d.0,73869,74106,georg,74018,74022,mein,georg
gdc,11g1d.0,73869,74106,georg,74062,74065,ich,georg
gdc,11g1d.0,74178,74465,georg,74193,74196,ich,georg
gdc,11g1d.0,74178,74465,georg,74287,74290,Ich,georg
gdc,11g1d.0,74178,74465,georg,74339,74342,ich,georg
gdc,11g1d.0,74491,74732,georg,74498,74501,Ich,georg
gdc,11g1d.0,74491,74732,georg,74559,74565,meinem,georg
gdc,11g1d.0,74762,75125,georg,74828,74831,ich,georg
gdc,11g1d.0,74762,75125,georg,74832,74837,meine,georg
gdc,11g1d.0,74762,75125,georg,74879,74882,Ich,georg
gdc,11g1d.0,74762,75125,georg,74990,74993,ich,georg
gdc,11g1d.0,74762,75125,georg,75072,75076,mich,georg
gdc,11g1d.0,74762,75125,georg,75088,75092,mich,georg
gdc,11g1d.0,75199,75377,georg,75236,75239,Ich,georg
gdc,11g1d.0,75199,75377,georg,75287,75290,ich,georg
gdc,11g1d.0,75199,75377,georg,75340,75344,mein,georg
gdc,11g1d.0,75402,76115,georg,75418,75421,ich,georg
gdc,11g1d.0,75402,76115,georg,75494,75498,mich,georg
gdc,11g1d.0,75402,76115,georg,75520,75523,Ich,georg
gdc,11g1d.0,75402,76115,georg,75563,75567,mich,georg
gdc,11g1d.0,75402,76115,georg,75592,75595,mir,georg
gdc,11g1d.0,75402,76115,georg,75612,75615,Ich,georg
gdc,11g1d.0,75402,76115,georg,75638,75643,meine,georg
gdc,11g1d.0,75402,76115,georg,75836,75840,mich,georg
gdc,11g1d.0,75402,76115,georg,75842,75845,Ich,georg
gdc,11g1d.0,75402,76115,georg,75905,75908,ich,georg
gdc,11g1d.0,76160,76202,georg,76197,76200,mir,georg
gdc,11g1d.0,76207,76344,goetz,76280,76284,mich,goetz
gdc,11g1d.0,76207,76344,goetz,76323,76326,ich,goetz
gdc,11g1d.0,76349,76438,selbitz,76358,76361,Ich,selbitz
gdc,11g1d.0,76349,76438,selbitz,76376,76380,mein,selbitz
gdc,11g1d.0,76477,76649,adelheid,76502,76505,mir,adelheid
gdc,11g1d.0,76477,76649,adelheid,76548,76551,ich,adelheid
gdc,11g1d.0,76477,76649,adelheid,76563,76566,ich,adelheid
gdc,11g1d.0,76477,76649,adelheid,76574,76578,mich,adelheid
gdc,11g1d.0,76654,76691,weislingen,76675,76679,mich,weislingen
gdc,11g1d.0,76696,76819,adelheid,76742,76745,Ich,adelheid
gdc,11g1d.0,77065,77569,adelheid,77212,77216,mich,adelheid
gdc,11g1d.0,77608,78001,adelheid,77662,77665,ich,adelheid
gdc,11g1d.0,77608,78001,adelheid,77696,77699,mir,adelheid
gdc,11g1d.0,77608,78001,adelheid,77826,77829,ich,adelheid
gdc,11g1d.0,77608,78001,adelheid,77830,77834,mich,adelheid
gdc,11g1d.0,77608,78001,adelheid,77968,77971,Ich,adelheid
gdc,11g1d.0,77608,78001,adelheid,77977,77983,meines,adelheid
gdc,11g1d.0,78083,78135,adelheid,78111,78114,ich,adelheid
gdc,11g1d.0,78171,79250,adelheid,78289,78292,mir,adelheid
gdc,11g1d.0,78171,79250,adelheid,78314,78317,ich,adelheid
gdc,11g1d.0,78171,79250,adelheid,78357,78360,ich,adelheid
gdc,11g1d.0,78171,79250,adelheid,78424,78427,mir,adelheid
gdc,11g1d.0,78171,79250,adelheid,78437,78440,ich,adelheid
gdc,11g1d.0,78171,79250,adelheid,78458,78461,ich,adelheid
gdc,11g1d.0,78171,79250,adelheid,78495,78498,mir,adelheid
gdc,11g1d.0,78171,79250,adelheid,78514,78517,Ich,adelheid
gdc,11g1d.0,78171,79250,adelheid,78760,78763,ich,adelheid
gdc,11g1d.0,78171,79250,adelheid,78908,78911,ich,adelheid
gdc,11g1d.0,78171,79250,adelheid,79000,79003,ich,adelheid
gdc,11g1d.0,78171,79250,adelheid,79088,79091,mir,adelheid
gdc,11g1d.0,78171,79250,adelheid,79108,79111,ich,adelheid
gdc,11g1d.0,78171,79250,adelheid,79117,79122,meine,adelheid
gdc,11g1d.0,78171,79250,adelheid,79167,79170,ich,adelheid
gdc,11g1d.0,79255,79284,weislingen,79275,79279,mich,weislingen
gdc,11g1d.0,79289,79577,adelheid,79494,79497,ich,adelheid
gdc,11g1d.0,79289,79577,adelheid,79519,79522,mir,adelheid
gdc,11g1d.0,79289,79577,adelheid,79542,79545,mir,adelheid
gdc,11g1d.0,79289,79577,adelheid,79551,79554,ich,adelheid
gdc,11g1d.0,79583,80136,weislingen,79607,79611,mich,weislingen
gdc,11g1d.0,79583,80136,weislingen,79632,79638,meiner,weislingen
gdc,11g1d.0,79583,80136,weislingen,79810,79813,mir,weislingen
gdc,11g1d.0,79583,80136,weislingen,79835,79839,mich,weislingen
gdc,11g1d.0,79583,80136,weislingen,79996,79999,mir,weislingen
gdc,11g1d.0,79583,80136,weislingen,80128,80131,mir,weislingen
gdc,11g1d.0,80141,80268,adelheid,80232,80235,ich,adelheid
gdc,11g1d.0,80141,80268,adelheid,80236,80242,meinem,adelheid
gdc,11g1d.0,80273,80641,weislingen,80285,80288,Ich,weislingen
gdc,11g1d.0,80273,80641,weislingen,80350,80353,ich,weislingen
gdc,11g1d.0,80674,80746,weislingen,80691,80694,ich,weislingen
gdc,11g1d.0,80750,80959,adelheid,80888,80895,meinige,adelheid
gdc,11g1d.0,81000,81233,adelheid,81010,81013,Ich,adelheid
gdc,11g1d.0,81000,81233,adelheid,81029,81034,Meine,adelheid
gdc,11g1d.0,81238,81618,weislingen,81250,81253,Mir,weislingen
gdc,11g1d.0,81238,81618,weislingen,81441,81444,mir,weislingen
gdc,11g1d.0,82078,82206,brautvater,82101,82104,ich,brautvater
gdc,11g1d.0,82078,82206,brautvater,82105,82108,mir,brautvater
gdc,11g1d.0,82078,82206,brautvater,82154,82160,meinem,brautvater
gdc,11g1d.0,82211,82359,braeutigam,82226,82229,ich,braeutigam
gdc,11g1d.0,82409,82714,brautvater,82440,82443,Ich,brautvater
gdc,11g1d.0,82719,82780,braeutigam,82771,82774,ich,braeutigam
gdc,11g1d.0,82785,83041,brautvater,82801,82804,ich,brautvater
gdc,11g1d.0,82785,83041,brautvater,82870,82873,ich,brautvater
gdc,11g1d.0,82785,83041,brautvater,82919,82922,ich,brautvater
gdc,11g1d.0,82785,83041,brautvater,82968,82971,mir,brautvater
gdc,11g1d.0,82785,83041,brautvater,83000,83005,meine,brautvater
gdc,11g1d.0,83086,83265,brautvater,83148,83151,ich,brautvater
gdc,11g1d.0,83086,83265,brautvater,83152,83156,mein,brautvater
gdc,11g1d.0,83329,83436,brautvater,83371,83374,mir,brautvater
gdc,11g1d.0,83466,83594,brautvater,83559,83562,mir,brautvater
gdc,11g1d.0,83692,84194,brautvater,83710,83713,ich,brautvater
gdc,11g1d.0,83692,84194,brautvater,83747,83750,ich,brautvater
gdc,11g1d.0,83692,84194,brautvater,83839,83842,mir,brautvater
gdc,11g1d.0,83692,84194,brautvater,83951,83954,Ich,brautvater
gdc,11g1d.0,83692,84194,brautvater,83980,83983,mir,brautvater
gdc,11g1d.0,83692,84194,brautvater,83991,83994,Ich,brautvater
gdc,11g1d.0,83692,84194,brautvater,84053,84056,ich,brautvater
gdc,11g1d.0,83692,84194,brautvater,84057,84060,mir,brautvater
gdc,11g1d.0,83692,84194,brautvater,84106,84109,mir,brautvater
gdc,11g1d.0,83692,84194,brautvater,84149,84152,mir,brautvater
gdc,11g1d.0,83692,84194,brautvater,84184,84188,mich,brautvater
gdc,11g1d.0,84308,84393,braeutigam,84353,84356,mir,braeutigam
gdc,11g1d.0,84787,84858,goetz,84798,84801,ich,goetz
gdc,11g1d.0,84787,84858,goetz,84835,84838,ich,goetz
gdc,11g1d.0,84915,84979,goetz,84925,84928,ich,goetz
gdc,11g1d.0,85730,85796,erster_kaufmann,85781,85784,ich,erster_kaufmann
gdc,11g1d.0,85912,86242,kaiser,85920,85923,Ich,kaiser
gdc,11g1d.0,85912,86242,kaiser,85958,85961,ich,kaiser
gdc,11g1d.0,85912,86242,kaiser,85966,85970,mein,kaiser
gdc,11g1d.0,85912,86242,kaiser,86007,86010,ich,kaiser
gdc,11g1d.0,85912,86242,kaiser,86186,86192,meinen,kaiser
gdc,11g1d.0,87659,88224,weislingen,87671,87674,Ich,weislingen
gdc,11g1d.0,88229,88352,kaiser,88237,88240,Ich,kaiser
gdc,11g1d.0,88229,88352,kaiser,88305,88308,ich,kaiser
gdc,11g1d.0,88229,88352,kaiser,88339,88342,mir,kaiser
gdc,11g1d.0,88923,89288,weislingen,88935,88938,Ich,weislingen
gdc,11g1d.0,89293,89611,kaiser,89381,89384,ich,kaiser
gdc,11g1d.0,89293,89611,kaiser,89439,89442,ich,kaiser
gdc,11g1d.0,89293,89611,kaiser,89595,89598,ich,kaiser
gdc,11g1d.0,89758,89840,sickingen,89773,89776,ich,sickingen
gdc,11g1d.0,89845,90194,goetz,89860,89863,ich,goetz
gdc,11g1d.0,89845,90194,goetz,89887,89890,Ich,goetz
gdc,11g1d.0,89845,90194,goetz,89996,89999,ich,goetz
gdc,11g1d.0,89845,90194,goetz,90017,90020,Ich,goetz
gdc,11g1d.0,90226,90245,goetz,90236,90239,ich,goetz
gdc,11g1d.0,90551,90808,sickingen,90743,90746,ich,sickingen
gdc,11g1d.0,90551,90808,sickingen,90783,90789,meinen,sickingen
gdc,11g1d.0,90813,90871,goetz,90819,90822,Ich,goetz
gdc,11g1d.0,90876,90989,sickingen,90897,90900,mir,sickingen
gdc,11g1d.0,90876,90989,sickingen,90915,90918,ich,sickingen
gdc,11g1d.0,91506,91641,zweiter_offizier,91580,91583,ich,zweiter_offizier
gdc,11g1d.0,91978,92017,zweiter_offizier,92001,92005,mich,zweiter_offizier
gdc,11g1d.0,92067,92140,zweiter_offizier,92085,92088,Ich,zweiter_offizier
gdc,11g1d.0,92145,92180,hauptmann,92156,92159,Ich,hauptmann
gdc,11g1d.0,92211,92605,sickingen,92277,92283,meinen,sickingen
gdc,11g1d.0,92211,92605,sickingen,92299,92303,mich,sickingen
gdc,11g1d.0,92211,92605,sickingen,92334,92337,ich,sickingen
gdc,11g1d.0,92211,92605,sickingen,92358,92362,mich,sickingen
gdc,11g1d.0,92211,92605,sickingen,92403,92406,ich,sickingen
gdc,11g1d.0,92211,92605,sickingen,92407,92411,mich,sickingen
gdc,11g1d.0,92701,92887,goetz,92768,92772,mich,goetz
gdc,11g1d.0,92701,92887,goetz,92788,92792,mein,goetz
gdc,11g1d.0,92892,92962,sickingen,92953,92956,ich,sickingen
gdc,11g1d.0,92967,93705,goetz,93128,93131,mir,goetz
gdc,11g1d.0,92967,93705,goetz,93242,93245,mir,goetz
gdc,11g1d.0,92967,93705,goetz,93323,93327,mich,goetz
gdc,11g1d.0,92967,93705,goetz,93435,93439,mich,goetz
gdc,11g1d.0,92967,93705,goetz,93467,93470,mir,goetz
gdc,11g1d.0,92967,93705,goetz,93565,93568,ich,goetz
gdc,11g1d.0,93710,93785,sickingen,93731,93734,ich,sickingen
gdc,11g1d.0,93790,94024,goetz,93801,93804,Ich,goetz
gdc,11g1d.0,93790,94024,goetz,93855,93860,meine,goetz
gdc,11g1d.0,93790,94024,goetz,93919,93924,meine,goetz
gdc,11g1d.0,94195,94738,goetz,94341,94344,mir,goetz
gdc,11g1d.0,94195,94738,goetz,94362,94365,ich,goetz
gdc,11g1d.0,94195,94738,goetz,94442,94445,mir,goetz
gdc,11g1d.0,94195,94738,goetz,94484,94487,ich,goetz
gdc,11g1d.0,94195,94738,goetz,94499,94503,mich,goetz
gdc,11g1d.0,94195,94738,goetz,94526,94529,ich,goetz
gdc,11g1d.0,94195,94738,goetz,94572,94575,ich,goetz
gdc,11g1d.0,94195,94738,goetz,94607,94610,ich,goetz
gdc,11g1d.0,94195,94738,goetz,94627,94630,mir,goetz
gdc,11g1d.0,94195,94738,goetz,94672,94675,ich,goetz
gdc,11g1d.0,94195,94738,goetz,94718,94721,ich,goetz
gdc,11g1d.0,94743,94851,sickingen,94772,94775,Ich,sickingen
gdc,11g1d.0,94743,94851,sickingen,94815,94818,ich,sickingen
gdc,11g1d.0,94856,95111,goetz,94887,94890,ich,goetz
gdc,11g1d.0,94856,95111,goetz,94911,94914,Ich,goetz
gdc,11g1d.0,94856,95111,goetz,94975,94978,mir,goetz
gdc,11g1d.0,94856,95111,goetz,95039,95043,mein,goetz
gdc,11g1d.0,94856,95111,goetz,95059,95062,ich,goetz
gdc,11g1d.0,95274,95504,franz,95289,95293,mein,franz
gdc,11g1d.0,95274,95504,franz,95345,95348,Ich,franz
gdc,11g1d.0,95274,95504,franz,95376,95379,ich,franz
gdc,11g1d.0,95274,95504,franz,95404,95407,ich,franz
gdc,11g1d.0,95274,95504,franz,95476,95480,Mein,franz
gdc,11g1d.0,95274,95504,franz,95490,95493,mir,franz
gdc,11g1d.0,95544,95601,franz,95566,95569,Mir,franz
gdc,11g1d.0,95840,95934,franz,95893,95896,Ich,franz
gdc,11g1d.0,95840,95934,franz,95923,95927,mich,franz
gdc,11g1d.0,95993,96066,franz,96010,96013,Ich,franz
gdc,11g1d.0,95993,96066,franz,96035,96038,Ich,franz
gdc,11g1d.0,96071,96102,adelheid,96081,96084,Ich,adelheid
gdc,11g1d.0,96263,96387,adelheid,96308,96311,Ich,adelheid
gdc,11g1d.0,96263,96387,adelheid,96370,96373,mir,adelheid
gdc,11g1d.0,96420,96539,georg,96461,96464,Ich,georg
gdc,11g1d.0,96627,96708,lerse,96634,96638,Mich,lerse
gdc,11g1d.0,96627,96708,lerse,96696,96699,ich,lerse
gdc,11g1d.0,96713,96917,goetz,96728,96731,mir,goetz
gdc,11g1d.0,96713,96917,goetz,96804,96807,ich,goetz
gdc,11g1d.0,96713,96917,goetz,96901,96904,mir,goetz
gdc,11g1d.0,96947,97025,goetz,96953,96956,Ich,goetz
gdc,11g1d.0,96947,97025,goetz,96984,96988,mich,goetz
gdc,11g1d.0,97030,97123,lerse,97037,97040,Ich,lerse
gdc,11g1d.0,97030,97123,lerse,97070,97073,mir,lerse
gdc,11g1d.0,97030,97123,lerse,97107,97110,mir,lerse
gdc,11g1d.0,97128,97164,goetz,97134,97137,Ich,goetz
gdc,11g1d.0,97128,97164,goetz,97147,97151,mich,goetz
gdc,11g1d.0,97169,97321,lerse,97184,97187,mir,lerse
gdc,11g1d.0,97326,97349,goetz,97342,97345,ich,goetz
gdc,11g1d.0,97445,97708,goetz,97460,97463,Ich,goetz
gdc,11g1d.0,97445,97708,goetz,97507,97513,meinen,goetz
gdc,11g1d.0,97445,97708,goetz,97610,97613,mir,goetz
gdc,11g1d.0,97445,97708,goetz,97639,97642,ich,goetz
gdc,11g1d.0,97445,97708,goetz,97665,97668,ich,goetz
gdc,11g1d.0,97876,98195,goetz,97889,97892,ich,goetz
gdc,11g1d.0,97876,98195,goetz,97903,97906,ich,goetz
gdc,11g1d.0,97876,98195,goetz,98029,98032,mir,goetz
gdc,11g1d.0,97876,98195,goetz,98059,98062,ich,goetz
gdc,11g1d.0,97876,98195,goetz,98140,98144,mein,goetz
gdc,11g1d.0,97876,98195,goetz,98149,98155,meines,goetz
gdc,11g1d.0,98242,98528,goetz,98272,98275,ich,goetz
gdc,11g1d.0,98242,98528,goetz,98300,98303,mir,goetz
gdc,11g1d.0,98242,98528,goetz,98318,98321,ich,goetz
gdc,11g1d.0,98242,98528,goetz,98330,98333,ich,goetz
gdc,11g1d.0,98242,98528,goetz,98347,98350,mir,goetz
gdc,11g1d.0,98242,98528,goetz,98415,98418,mir,goetz
gdc,11g1d.0,98242,98528,goetz,98453,98456,mir,goetz
gdc,11g1d.0,98570,98607,goetz,98586,98589,mir,goetz
gdc,11g1d.0,98612,98722,lerse,98631,98634,ich,lerse
gdc,11g1d.0,98612,98722,lerse,98648,98651,mir,lerse
gdc,11g1d.0,98612,98722,lerse,98675,98678,ich,lerse
gdc,11g1d.0,98612,98722,lerse,98683,98687,mein,lerse
gdc,11g1d.0,98852,98913,lerse,98859,98863,Mich,lerse
gdc,11g1d.0,98852,98913,lerse,98894,98898,mich,lerse
gdc,11g1d.0,98918,99049,goetz,98935,98938,mir,goetz
gdc,11g1d.0,98918,99049,goetz,98958,98961,mir,goetz
gdc,11g1d.0,98918,99049,goetz,99018,99022,mich,goetz
gdc,11g1d.0,99054,99417,lerse,99097,99100,ich,lerse
gdc,11g1d.0,99054,99417,lerse,99193,99196,ich,lerse
gdc,11g1d.0,99054,99417,lerse,99197,99201,mich,lerse
gdc,11g1d.0,99054,99417,lerse,99203,99206,Ich,lerse
gdc,11g1d.0,99054,99417,lerse,99240,99243,ich,lerse
gdc,11g1d.0,99054,99417,lerse,99267,99270,ich,lerse
gdc,11g1d.0,99054,99417,lerse,99326,99329,ich,lerse
gdc,11g1d.0,99054,99417,lerse,99348,99351,ich,lerse
gdc,11g1d.0,99054,99417,lerse,99397,99400,ich,lerse
gdc,11g1d.0,99422,99466,goetz,99452,99455,mir,goetz
gdc,11g1d.0,99510,99638,goetz,99590,99593,mir,goetz
gdc,11g1d.0,100196,100381,zweiter_reichsknecht,100212,100215,Ich,zweiter_reichsknecht
gdc,11g1d.0,100196,100381,zweiter_reichsknecht,100236,100241,meine,zweiter_reichsknecht
gdc,11g1d.0,100196,100381,zweiter_reichsknecht,100309,100312,mir,zweiter_reichsknecht
gdc,11g1d.0,100196,100381,zweiter_reichsknecht,100346,100349,ich,zweiter_reichsknecht
gdc,11g1d.0,100547,100714,zweiter_reichsknecht,100563,100566,Ich,zweiter_reichsknecht
gdc,11g1d.0,100547,100714,zweiter_reichsknecht,100586,100590,mich,zweiter_reichsknecht
gdc,11g1d.0,100547,100714,zweiter_reichsknecht,100598,100601,Ich,zweiter_reichsknecht
gdc,11g1d.0,100547,100714,zweiter_reichsknecht,100638,100641,ich,zweiter_reichsknecht
gdc,11g1d.0,100547,100714,zweiter_reichsknecht,100670,100676,meinem,zweiter_reichsknecht
gdc,11g1d.0,100719,100798,erster_reichsknecht,100753,100756,Ich,erster_reichsknecht
gdc,11g1d.0,100954,101078,zweiter_reichsknecht,100974,100977,ich,zweiter_reichsknecht
gdc,11g1d.0,100954,101078,zweiter_reichsknecht,101074,101077,ich,zweiter_reichsknecht
gdc,11g1d.0,101147,101188,erster_reichsknecht,101162,101165,Ich,erster_reichsknecht
gdc,11g1d.0,101193,101273,zweiter_reichsknecht,101209,101212,Ich,zweiter_reichsknecht
gdc,11g1d.0,101193,101273,zweiter_reichsknecht,101219,101223,mich,zweiter_reichsknecht
gdc,11g1d.0,101384,101691,erster_reichsknecht,101562,101566,mich,erster_reichsknecht
gdc,11g1d.0,101740,101769,erster_reichsknecht,101755,101761,meines,erster_reichsknecht
gdc,11g1d.0,101774,101916,goetz,101870,101873,Ich,goetz
gdc,11g1d.0,101985,102136,georg,102021,102025,mein,georg
gdc,11g1d.0,102499,102668,zweiter_ritter,102597,102601,mich,zweiter_ritter
gdc,11g1d.0,102499,102668,zweiter_ritter,102614,102617,mir,zweiter_ritter
gdc,11g1d.0,102499,102668,zweiter_ritter,102628,102632,mich,zweiter_ritter
gdc,11g1d.0,102979,103014,selbitz,102988,102991,Ich,selbitz
gdc,11g1d.0,102979,103014,selbitz,103005,103008,ich,selbitz
gdc,11g1d.0,103036,103105,selbitz,103075,103078,ich,selbitz
gdc,11g1d.0,103284,103662,hauptmann,103594,103597,ich,hauptmann
gdc,11g1d.0,104373,104445,selbitz,104405,104408,Ich,selbitz
gdc,11g1d.0,104450,104774,goetz,104482,104485,mir,goetz
gdc,11g1d.0,104450,104774,goetz,104555,104558,ich,goetz
gdc,11g1d.0,104450,104774,goetz,104605,104609,mich,goetz
gdc,11g1d.0,104450,104774,goetz,104638,104642,mich,goetz
gdc,11g1d.0,105001,105180,vierter_ritter,105009,105012,Ich,vierter_ritter
gdc,11g1d.0,105212,105347,vierter_ritter,105220,105223,Ich,vierter_ritter
gdc,11g1d.0,105453,105550,selbitz,105462,105465,Mir,selbitz
gdc,11g1d.0,105778,105824,selbitz,105792,105796,mich,selbitz
gdc,11g1d.0,105951,105992,erster_knecht,105975,105978,ich,erster_knecht
gdc,11g1d.0,105997,106110,zweiter_knecht,106023,106028,meine,zweiter_knecht
gdc,11g1d.0,106241,106407,selbitz,106270,106273,Ich,selbitz
gdc,11g1d.0,106241,106407,selbitz,106298,106301,ich,selbitz
gdc,11g1d.0,106412,106473,erster_knecht,106450,106453,ich,erster_knecht
gdc,11g1d.0,106478,106529,selbitz,106514,106517,Ich,selbitz
gdc,11g1d.0,106740,106784,erster_knecht,106769,106772,ich,erster_knecht
gdc,11g1d.0,107202,107274,erster_knecht,107210,107213,Ich,erster_knecht
gdc,11g1d.0,107202,107274,erster_knecht,107240,107243,Ich,erster_knecht
gdc,11g1d.0,107202,107274,erster_knecht,107257,107260,Ich,erster_knecht
gdc,11g1d.0,107385,107625,erster_knecht,107548,107552,Mein,erster_knecht
gdc,11g1d.0,107738,107845,selbitz,107768,107771,Ich,selbitz
gdc,11g1d.0,107738,107845,selbitz,107794,107799,meine,selbitz
gdc,11g1d.0,107850,108157,goetz,107894,107897,ich,goetz
gdc,11g1d.0,107850,108157,goetz,107930,107933,ich,goetz
gdc,11g1d.0,107850,108157,goetz,107937,107940,Ich,goetz
gdc,11g1d.0,107850,108157,goetz,107982,107986,mein,goetz
gdc,11g1d.0,107850,108157,goetz,108016,108020,mich,goetz
gdc,11g1d.0,107850,108157,goetz,108045,108048,mir,goetz
gdc,11g1d.0,107850,108157,goetz,108064,108067,ich,goetz
gdc,11g1d.0,108162,108347,georg,108202,108205,ich,georg
gdc,11g1d.0,108162,108347,georg,108206,108212,meinen,georg
gdc,11g1d.0,108162,108347,georg,108293,108296,ich,georg
gdc,11g1d.0,108162,108347,georg,108327,108330,mir,georg
gdc,11g1d.0,108451,108590,lerse,108473,108476,ich,lerse
gdc,11g1d.0,108595,108829,goetz,108657,108660,mir,goetz
gdc,11g1d.0,108595,108829,goetz,108678,108681,ich,goetz
gdc,11g1d.0,108595,108829,goetz,108706,108709,mir,goetz
gdc,11g1d.0,108595,108829,goetz,108754,108757,mir,goetz
gdc,11g1d.0,108595,108829,goetz,108789,108792,Ich,goetz
gdc,11g1d.0,108881,109218,goetz,109023,109027,mein,goetz
gdc,11g1d.0,108881,109218,goetz,109083,109086,ich,goetz
gdc,11g1d.0,108881,109218,goetz,109136,109139,Ich,goetz
gdc,11g1d.0,108881,109218,goetz,109160,109165,meine,goetz
gdc,11g1d.0,109244,109667,hauptmann,109255,109258,Ich,hauptmann
gdc,11g1d.0,109707,110126,goetz,109763,109766,ich,goetz
gdc,11g1d.0,109707,110126,goetz,109943,109946,mir,goetz
gdc,11g1d.0,109707,110126,goetz,109973,109976,Ich,goetz
gdc,11g1d.0,110131,110334,maria,110138,110141,Ich,maria
gdc,11g1d.0,110131,110334,maria,110187,110193,meinem,maria
gdc,11g1d.0,110131,110334,maria,110316,110319,ich,maria
gdc,11g1d.0,110339,110394,sickingen,110362,110365,ich,sickingen
gdc,11g1d.0,110398,110492,goetz,110452,110455,mir,goetz
gdc,11g1d.0,110497,110523,sickingen,110513,110517,mich,sickingen
gdc,11g1d.0,111257,111380,sickingen,111268,111271,Ich,sickingen
gdc,11g1d.0,111257,111380,sickingen,111305,111308,Ich,sickingen
gdc,11g1d.0,111257,111380,sickingen,111349,111353,mich,sickingen
gdc,11g1d.0,111708,111823,georg,111724,111727,Ich,georg
gdc,11g1d.0,111828,112149,goetz,111862,111865,mir,goetz
gdc,11g1d.0,111828,112149,goetz,111895,111898,Ich,goetz
gdc,11g1d.0,111828,112149,goetz,111931,111934,ich,goetz
gdc,11g1d.0,112243,112308,goetz,112249,112252,Ich,goetz
gdc,11g1d.0,112446,112545,goetz,112457,112460,ich,goetz
gdc,11g1d.0,112446,112545,goetz,112497,112500,mir,goetz
gdc,11g1d.0,112574,112889,goetz,112649,112654,meine,goetz
gdc,11g1d.0,112574,112889,goetz,112672,112677,meine,goetz
gdc,11g1d.0,112894,113046,maria,112901,112904,Ich,maria
gdc,11g1d.0,112894,113046,maria,112972,112978,meinen,maria
gdc,11g1d.0,113051,113267,goetz,113077,113080,mir,goetz
gdc,11g1d.0,113051,113267,goetz,113106,113109,ich,goetz
gdc,11g1d.0,113051,113267,goetz,113110,113116,meinem,goetz
gdc,11g1d.0,113051,113267,goetz,113179,113185,meinem,goetz
gdc,11g1d.0,113051,113267,goetz,113205,113208,Ich,goetz
gdc,11g1d.0,113393,113432,maria,113409,113413,Mein,maria
gdc,11g1d.0,113437,113506,goetz,113482,113487,meine,goetz
gdc,11g1d.0,113637,113761,goetz,113726,113729,mir,goetz
gdc,11g1d.0,113766,113790,maria,113785,113789,mich,maria
gdc,11g1d.0,113795,113942,goetz,113876,113879,mir,goetz
gdc,11g1d.0,113795,113942,goetz,113901,113904,Ich,goetz
gdc,11g1d.0,113795,113942,goetz,113925,113928,mir,goetz
gdc,11g1d.0,113997,114059,goetz,114052,114058,meiner,goetz
gdc,11g1d.0,114064,114142,sickingen,114075,114078,Ich,sickingen
gdc,11g1d.0,114064,114142,sickingen,114115,114118,ich,sickingen
gdc,11g1d.0,114226,114333,goetz,114256,114259,Ich,goetz
gdc,11g1d.0,114337,114427,goetz,114343,114346,Ich,goetz
gdc,11g1d.0,114337,114427,goetz,114381,114384,ich,goetz
gdc,11g1d.0,114337,114427,goetz,114423,114426,mir,goetz
gdc,11g1d.0,114534,114763,georg,114563,114566,ich,georg
gdc,11g1d.0,114534,114763,georg,114618,114621,ich,georg
gdc,11g1d.0,114534,114763,georg,114650,114653,ich,georg
gdc,11g1d.0,114534,114763,georg,114669,114672,mir,georg
gdc,11g1d.0,114768,115147,goetz,114931,114934,mir,goetz
gdc,11g1d.0,115323,115567,goetz,115339,115343,Mich,goetz
gdc,11g1d.0,115323,115567,goetz,115397,115400,ich,goetz
gdc,11g1d.0,115323,115567,goetz,115469,115472,ich,goetz
gdc,11g1d.0,115323,115567,goetz,115533,115537,mich,goetz
gdc,11g1d.0,115659,115745,elisabeth,115670,115673,Ich,elisabeth
gdc,11g1d.0,115659,115745,elisabeth,115681,115684,ich,elisabeth
gdc,11g1d.0,116489,117020,lerse,116568,116571,ich,lerse
gdc,11g1d.0,116489,117020,lerse,116867,116871,mich,lerse
gdc,11g1d.0,116489,117020,lerse,116872,116876,mein,lerse
gdc,11g1d.0,116489,117020,lerse,116966,116970,mich,lerse
gdc,11g1d.0,117213,117351,georg,117264,117267,ich,georg
gdc,11g1d.0,117577,117618,georg,117608,117612,mich,georg
gdc,11g1d.0,117662,117922,georg,117691,117694,mir,georg
gdc,11g1d.0,117662,117922,georg,117712,117715,ich,georg
gdc,11g1d.0,117662,117922,georg,117811,117814,mir,georg
gdc,11g1d.0,117662,117922,georg,117845,117848,ich,georg
gdc,11g1d.0,118039,118146,goetz,118059,118062,Ich,goetz
gdc,11g1d.0,118039,118146,goetz,118104,118107,ich,goetz
gdc,11g1d.0,118151,118189,goetz,118171,118174,mir,goetz
gdc,11g1d.0,118194,118250,lerse,118201,118204,Ich,lerse
gdc,11g1d.0,118255,118337,goetz,118275,118278,ich,goetz
gdc,11g1d.0,118255,118337,goetz,118284,118288,mich,goetz
gdc,11g1d.0,118640,118733,lerse,118713,118716,ich,lerse
gdc,11g1d.0,118791,118988,goetz,118855,118860,meine,goetz
gdc,11g1d.0,118993,119058,elisabeth,119021,119024,ich,elisabeth
gdc,11g1d.0,119063,119160,goetz,119133,119136,ich,goetz
gdc,11g1d.0,119063,119160,goetz,119148,119153,meine,goetz
gdc,11g1d.0,119209,119367,goetz,119238,119241,mir,goetz
gdc,11g1d.0,119209,119367,goetz,119291,119294,Ich,goetz
gdc,11g1d.0,119391,119975,goetz,119452,119455,Ich,goetz
gdc,11g1d.0,119391,119975,goetz,119505,119508,ich,goetz
gdc,11g1d.0,119391,119975,goetz,119630,119633,Ich,goetz
gdc,11g1d.0,120077,120351,goetz,120283,120286,mir,goetz
gdc,11g1d.0,120077,120351,goetz,120328,120331,ich,goetz
gdc,11g1d.0,120397,120878,goetz,120446,120449,ich,goetz
gdc,11g1d.0,120925,121462,goetz,120937,120940,Ich,goetz
gdc,11g1d.0,120925,121462,goetz,120950,120954,mich,goetz
gdc,11g1d.0,122635,122783,georg,122647,122650,ich,georg
gdc,11g1d.0,123942,123970,erster_knecht,123957,123960,Ich,erster_knecht
gdc,11g1d.0,123975,124026,zweiter_knecht,123991,123994,Ich,zweiter_knecht
gdc,11g1d.0,124322,124418,erster_knecht,124359,124362,ich,erster_knecht
gdc,11g1d.0,124322,124418,erster_knecht,124398,124401,ich,erster_knecht
gdc,11g1d.0,124472,124636,goetz,124478,124481,Ich,goetz
gdc,11g1d.0,124472,124636,goetz,124488,124491,mir,goetz
gdc,11g1d.0,124472,124636,goetz,124558,124561,Ich,goetz
gdc,11g1d.0,124472,124636,goetz,124570,124574,mich,goetz
gdc,11g1d.0,124472,124636,goetz,124590,124593,mir,goetz
gdc,11g1d.0,124640,124705,goetz,124682,124688,meinen,goetz
gdc,11g1d.0,124710,124839,elisabeth,124814,124817,mir,elisabeth
gdc,11g1d.0,125232,125316,goetz,125268,125271,Ich,goetz
gdc,11g1d.0,125384,125650,goetz,125390,125393,Ich,goetz
gdc,11g1d.0,125384,125650,goetz,125414,125417,Ich,goetz
gdc,11g1d.0,125384,125650,goetz,125457,125463,meinem,goetz
gdc,11g1d.0,125384,125650,goetz,125487,125492,meine,goetz
gdc,11g1d.0,125384,125650,goetz,125533,125537,mich,goetz
gdc,11g1d.0,125384,125650,goetz,125553,125556,Ich,goetz
gdc,11g1d.0,125384,125650,goetz,125563,125567,mich,goetz
gdc,11g1d.0,125655,125819,elisabeth,125801,125804,ich,elisabeth
gdc,11g1d.0,125824,125857,goetz,125845,125848,mir,goetz
gdc,11g1d.0,126123,126139,goetz,126129,126132,Ich,goetz
gdc,11g1d.0,126144,126185,gerichtsdiener,126160,126163,Ich,gerichtsdiener
gdc,11g1d.0,126945,127000,goetz,126996,126999,mir,goetz
gdc,11g1d.0,127065,127123,goetz,127075,127081,meinem,goetz
gdc,11g1d.0,127065,127123,goetz,127087,127090,ich,goetz
gdc,11g1d.0,127065,127123,goetz,127111,127116,meine,goetz
gdc,11g1d.0,127214,127324,goetz,127234,127237,Ich,goetz
gdc,11g1d.0,127572,127616,goetz,127591,127594,mir,goetz
gdc,11g1d.0,127572,127616,goetz,127601,127604,ich,goetz
gdc,11g1d.0,127621,127700,erster_rat,127631,127634,ich,erster_rat
gdc,11g1d.0,127621,127700,erster_rat,127674,127677,ich,erster_rat
gdc,11g1d.0,127794,127839,schreiber,127810,127813,ich,schreiber
gdc,11g1d.0,128254,128293,goetz,128270,128273,ich,goetz
gdc,11g1d.0,128620,128760,goetz,128626,128629,Ich,goetz
gdc,11g1d.0,128620,128760,goetz,128708,128713,Meine,goetz
gdc,11g1d.0,128799,128940,goetz,128884,128889,meine,goetz
gdc,11g1d.0,128999,129103,goetz,129009,129012,Ich,goetz
gdc,11g1d.0,129329,129486,schreiber,129341,129344,Ich,schreiber
gdc,11g1d.0,129329,129486,schreiber,129414,129417,ich,schreiber
gdc,11g1d.0,129329,129486,schreiber,129418,129422,mich,schreiber
gdc,11g1d.0,129491,129628,goetz,129517,129520,Ich,goetz
gdc,11g1d.0,129491,129628,goetz,129613,129617,mich,goetz
gdc,11g1d.0,129671,130114,goetz,129677,129680,Ich,goetz
gdc,11g1d.0,129671,130114,goetz,129737,129740,ich,goetz
gdc,11g1d.0,129671,130114,goetz,129814,129817,ich,goetz
gdc,11g1d.0,129671,130114,goetz,129870,129873,ich,goetz
gdc,11g1d.0,129671,130114,goetz,130027,130030,Ich,goetz
gdc,11g1d.0,129671,130114,goetz,130060,130063,ich,goetz
gdc,11g1d.0,129671,130114,goetz,130064,130068,mich,goetz
gdc,11g1d.0,130248,130268,goetz,130263,130267,Mich,goetz
gdc,11g1d.0,130412,130686,goetz,130507,130510,mir,goetz
gdc,11g1d.0,130412,130686,goetz,130617,130620,Mir,goetz
gdc,11g1d.0,130744,131151,goetz,130796,130799,ich,goetz
gdc,11g1d.0,130744,131151,goetz,130851,130854,mir,goetz
gdc,11g1d.0,130744,131151,goetz,130894,130897,Ich,goetz
gdc,11g1d.0,130744,131151,goetz,131083,131086,ich,goetz
gdc,11g1d.0,131155,131575,goetz,131261,131264,ich,goetz
gdc,11g1d.0,131155,131575,goetz,131277,131283,Meinen,goetz
gdc,11g1d.0,131155,131575,goetz,131308,131312,mich,goetz
gdc,11g1d.0,131155,131575,goetz,131313,131319,meiner,goetz
gdc,11g1d.0,131155,131575,goetz,131435,131438,Ich,goetz
gdc,11g1d.0,131646,132077,goetz,131708,131711,mir,goetz
gdc,11g1d.0,131646,132077,goetz,131746,131752,meiner,goetz
gdc,11g1d.0,131646,132077,goetz,132020,132023,mir,goetz
gdc,11g1d.0,132103,132407,goetz,132168,132171,mir,goetz
gdc,11g1d.0,132103,132407,goetz,132178,132182,mich,goetz
gdc,11g1d.0,132103,132407,goetz,132264,132267,ich,goetz
gdc,11g1d.0,132103,132407,goetz,132316,132319,mir,goetz
gdc,11g1d.0,132103,132407,goetz,132346,132349,ich,goetz
gdc,11g1d.0,132103,132407,goetz,132355,132359,mein,goetz
gdc,11g1d.0,133860,133989,ratsherr,133933,133936,Mir,ratsherr
gdc,11g1d.0,133860,133989,ratsherr,133953,133956,ich,ratsherr
gdc,11g1d.0,134242,134538,goetz,134471,134474,mir,goetz
gdc,11g1d.0,134739,134915,sickingen,134765,134768,Ich,sickingen
gdc,11g1d.0,134739,134915,sickingen,134875,134878,ich,sickingen
gdc,11g1d.0,134739,134915,sickingen,134879,134883,mich,sickingen
gdc,11g1d.0,134920,134967,goetz,134926,134929,Ich,goetz
gdc,11g1d.0,134972,135302,sickingen,135226,135229,ich,sickingen
gdc,11g1d.0,135307,135361,goetz,135313,135316,Ich,goetz
gdc,11g1d.0,135366,135639,sickingen,135414,135419,Meine,sickingen
gdc,11g1d.0,135644,135710,goetz,135668,135673,meine,goetz
gdc,11g1d.0,135715,136172,sickingen,135988,135991,Ich,sickingen
gdc,11g1d.0,136177,136227,goetz,136204,136207,ich,goetz
gdc,11g1d.0,136232,136815,sickingen,136358,136361,ich,sickingen
gdc,11g1d.0,136232,136815,sickingen,136377,136382,meine,sickingen
gdc,11g1d.0,136232,136815,sickingen,136446,136449,mir,sickingen
gdc,11g1d.0,136232,136815,sickingen,136469,136472,mir,sickingen
gdc,11g1d.0,136232,136815,sickingen,136590,136593,ich,sickingen
gdc,11g1d.0,136232,136815,sickingen,136629,136632,ich,sickingen
gdc,11g1d.0,136232,136815,sickingen,136764,136767,Ich,sickingen
gdc,11g1d.0,136820,137159,goetz,136875,136878,ich,goetz
gdc,11g1d.0,136820,137159,goetz,136890,136893,ich,goetz
gdc,11g1d.0,136820,137159,goetz,136946,136949,mir,goetz
gdc,11g1d.0,136820,137159,goetz,136969,136974,meine,goetz
gdc,11g1d.0,136820,137159,goetz,137052,137055,Ich,goetz
gdc,11g1d.0,136820,137159,goetz,137096,137099,ich,goetz
gdc,11g1d.0,136820,137159,goetz,137112,137115,mir,goetz
gdc,11g1d.0,137164,137413,sickingen,137315,137318,Ich,sickingen
gdc,11g1d.0,137164,137413,sickingen,137324,137327,ich,sickingen
gdc,11g1d.0,137164,137413,sickingen,137341,137346,meine,sickingen
gdc,11g1d.0,137418,137651,goetz,137449,137452,Ich,goetz
gdc,11g1d.0,137418,137651,goetz,137550,137553,Ich,goetz
gdc,11g1d.0,137418,137651,goetz,137616,137619,mir,goetz
gdc,11g1d.0,137418,137651,goetz,137637,137640,mir,goetz
gdc,11g1d.0,137867,138031,weislingen,137879,137882,Ich,weislingen
gdc,11g1d.0,138081,138329,weislingen,138205,138208,Ich,weislingen
gdc,11g1d.0,138374,138832,weislingen,138492,138495,ich,weislingen
gdc,11g1d.0,138374,138832,weislingen,138564,138567,Ich,weislingen
gdc,11g1d.0,138374,138832,weislingen,138724,138727,ich,weislingen
gdc,11g1d.0,138374,138832,weislingen,138755,138761,meinen,weislingen
gdc,11g1d.0,138889,139112,weislingen,138939,138943,mein,weislingen
gdc,11g1d.0,138889,139112,weislingen,138987,138993,meinen,weislingen
gdc,11g1d.0,138889,139112,weislingen,139030,139036,meinen,weislingen
gdc,11g1d.0,138889,139112,weislingen,139048,139053,meine,weislingen
gdc,11g1d.0,138889,139112,weislingen,139076,139079,ich,weislingen
gdc,11g1d.0,139158,139375,weislingen,139170,139173,Ich,weislingen
gdc,11g1d.0,139787,139852,adelheid,139811,139815,mich,adelheid
gdc,11g1d.0,139787,139852,adelheid,139839,139843,mich,adelheid
gdc,11g1d.0,139857,140003,weislingen,139869,139872,Ich,weislingen
gdc,11g1d.0,139857,140003,weislingen,139927,139930,ich,weislingen
gdc,11g1d.0,139857,140003,weislingen,139998,140002,mich,weislingen
gdc,11g1d.0,140008,140036,adelheid,140022,140026,mein,adelheid
gdc,11g1d.0,140134,140207,weislingen,140155,140159,mich,weislingen
gdc,11g1d.0,140212,140254,adelheid,140227,140230,ich,adelheid
gdc,11g1d.0,140329,140561,adelheid,140389,140392,ich,adelheid
gdc,11g1d.0,140329,140561,adelheid,140409,140414,meine,adelheid
gdc,11g1d.0,140329,140561,adelheid,140431,140437,meinem,adelheid
gdc,11g1d.0,140329,140561,adelheid,140445,140449,mich,adelheid
gdc,11g1d.0,140329,140561,adelheid,140546,140549,ich,adelheid
gdc,11g1d.0,140652,141064,adelheid,140717,140723,meines,adelheid
gdc,11g1d.0,140652,141064,adelheid,140904,140910,meiner,adelheid
gdc,11g1d.0,140652,141064,adelheid,140961,140965,mich,adelheid
gdc,11g1d.0,140652,141064,adelheid,141006,141010,mein,adelheid
gdc,11g1d.0,141206,141320,franz,141236,141239,ich,franz
gdc,11g1d.0,141206,141320,franz,141240,141244,mich,franz
gdc,11g1d.0,141206,141320,franz,141303,141307,mich,franz
gdc,11g1d.0,141325,141492,adelheid,141345,141349,mich,adelheid
gdc,11g1d.0,141325,141492,adelheid,141375,141379,mich,adelheid
gdc,11g1d.0,141325,141492,adelheid,141429,141432,Ich,adelheid
gdc,11g1d.0,141497,141686,franz,141538,141541,ich,franz
gdc,11g1d.0,141497,141686,franz,141557,141561,Mein,franz
gdc,11g1d.0,141497,141686,franz,141568,141571,ich,franz
gdc,11g1d.0,141497,141686,franz,141600,141603,mir,franz
gdc,11g1d.0,141719,141907,franz,141742,141745,mir,franz
gdc,11g1d.0,141986,142103,franz,142036,142039,Ich,franz
gdc,11g1d.0,142146,142191,franz,142153,142157,Mich,franz
gdc,11g1d.0,142146,142191,franz,142171,142177,Meinen,franz
gdc,11g1d.0,142196,142230,adelheid,142210,142213,mir,adelheid
gdc,11g1d.0,142260,142382,adelheid,142304,142308,mein,adelheid
gdc,11g1d.0,142260,142382,adelheid,142320,142323,Ich,adelheid
gdc,11g1d.0,142387,142443,franz,142428,142431,ich,franz
gdc,11g1d.0,142448,142524,adelheid,142471,142475,mein,adelheid
gdc,11g1d.0,142448,142524,adelheid,142484,142490,meinem,adelheid
gdc,11g1d.0,142448,142524,adelheid,142519,142523,mich,adelheid
gdc,11g1d.0,142529,142669,franz,142547,142550,ich,franz
gdc,11g1d.0,142529,142669,franz,142551,142554,mir,franz
gdc,11g1d.0,142529,142669,franz,142595,142598,mir,franz
gdc,11g1d.0,142529,142669,franz,142614,142618,Mein,franz
gdc,11g1d.0,142529,142669,franz,142637,142642,meine,franz
gdc,11g1d.0,142825,142844,adelheid,142839,142843,mich,adelheid
gdc,11g1d.0,142907,143064,adelheid,142921,142925,mich,adelheid
gdc,11g1d.0,142907,143064,adelheid,142957,142961,mich,adelheid
gdc,11g1d.0,143069,143196,franz,143113,143117,mich,franz
gdc,11g1d.0,143069,143196,franz,143125,143128,Ich,franz
gdc,11g1d.0,143069,143196,franz,143136,143142,meinen,franz
gdc,11g1d.0,143069,143196,franz,143163,143166,mir,franz
gdc,11g1d.0,143321,143508,goetz,143346,143349,mir,goetz
gdc,11g1d.0,143321,143508,goetz,143375,143380,meine,goetz
gdc,11g1d.0,143321,143508,goetz,143399,143402,mir,goetz
gdc,11g1d.0,143321,143508,goetz,143425,143428,ich,goetz
gdc,11g1d.0,143321,143508,goetz,143436,143439,ich,goetz
gdc,11g1d.0,143321,143508,goetz,143461,143464,mir,goetz
gdc,11g1d.0,143738,143915,goetz,143796,143799,mir,goetz
gdc,11g1d.0,143738,143915,goetz,143816,143819,ich,goetz
gdc,11g1d.0,143738,143915,goetz,143834,143837,ich,goetz
gdc,11g1d.0,143738,143915,goetz,143851,143854,ich,goetz
gdc,11g1d.0,143738,143915,goetz,143855,143859,mich,goetz
gdc,11g1d.0,143738,143915,goetz,143894,143897,ich,goetz
gdc,11g1d.0,144034,144078,goetz,144048,144051,mir,goetz
gdc,11g1d.0,144083,144359,elisabeth,144151,144154,mir,elisabeth
gdc,11g1d.0,144083,144359,elisabeth,144163,144166,ich,elisabeth
gdc,11g1d.0,144083,144359,elisabeth,144185,144189,mich,elisabeth
gdc,11g1d.0,144083,144359,elisabeth,144190,144196,meinen,elisabeth
gdc,11g1d.0,144083,144359,elisabeth,144228,144231,ich,elisabeth
gdc,11g1d.0,144083,144359,elisabeth,144286,144289,mir,elisabeth
gdc,11g1d.0,144083,144359,elisabeth,144311,144314,ich,elisabeth
gdc,11g1d.0,144364,144473,goetz,144370,144373,Ich,goetz
gdc,11g1d.0,144364,144473,goetz,144386,144389,ich,goetz
gdc,11g1d.0,144364,144473,goetz,144397,144402,meine,goetz
gdc,11g1d.0,144364,144473,goetz,144439,144442,ich,goetz
gdc,11g1d.0,144364,144473,goetz,144456,144460,mein,goetz
gdc,11g1d.0,144513,144597,goetz,144534,144537,mir,goetz
gdc,11g1d.0,144513,144597,goetz,144562,144565,mir,goetz
gdc,11g1d.0,144602,144936,elisabeth,144641,144644,ich,elisabeth
gdc,11g1d.0,144602,144936,elisabeth,144706,144710,mich,elisabeth
gdc,11g1d.0,144602,144936,elisabeth,144734,144737,ich,elisabeth
gdc,11g1d.0,144602,144936,elisabeth,144760,144763,ich,elisabeth
gdc,11g1d.0,144941,145282,goetz,144958,144961,mir,goetz
gdc,11g1d.0,144941,145282,goetz,144981,144984,ich,goetz
gdc,11g1d.0,144941,145282,goetz,144985,144989,mein,goetz
gdc,11g1d.0,144941,145282,goetz,145025,145028,ich,goetz
gdc,11g1d.0,144941,145282,goetz,145050,145056,meinem,goetz
gdc,11g1d.0,144941,145282,goetz,145081,145084,mir,goetz
gdc,11g1d.0,144941,145282,goetz,145090,145093,ich,goetz
gdc,11g1d.0,144941,145282,goetz,145229,145232,ich,goetz
gdc,11g1d.0,144941,145282,goetz,145243,145246,mir,goetz
gdc,11g1d.0,146142,146247,lerse,146205,146208,Ich,lerse
gdc,11g1d.0,146542,146615,goetz,146562,146568,meinen,goetz
gdc,11g1d.0,146958,146985,weib,146964,146968,Mein,weib
gdc,11g1d.0,146958,146985,weib,146975,146979,Mein,weib
gdc,11g1d.0,147775,147874,metzler,147813,147816,ich,metzler
gdc,11g1d.0,148354,148384,link,148364,148367,ich,link
gdc,11g1d.0,148389,148434,metzler,148402,148406,mein,metzler
gdc,11g1d.0,148530,149098,metzler,148658,148661,mir,metzler
gdc,11g1d.0,148530,149098,metzler,148868,148871,Ich,metzler
gdc,11g1d.0,148530,149098,metzler,148930,148933,mir,metzler
gdc,11g1d.0,150256,150422,link,150262,150265,Mir,link
gdc,11g1d.0,150724,150958,max_stumpf,150767,150770,ich,max_stumpf
gdc,11g1d.0,150724,150958,max_stumpf,150801,150805,mich,max_stumpf
gdc,11g1d.0,150724,150958,max_stumpf,150835,150838,Ich,max_stumpf
gdc,11g1d.0,150724,150958,max_stumpf,150877,150880,ich,max_stumpf
gdc,11g1d.0,150724,150958,max_stumpf,150887,150893,meinen,max_stumpf
gdc,11g1d.0,150724,150958,max_stumpf,150933,150936,ich,max_stumpf
gdc,11g1d.0,151047,151075,goetz,151071,151074,mir,goetz
gdc,11g1d.0,151122,151203,goetz,151133,151136,ich,goetz
gdc,11g1d.0,151122,151203,goetz,151137,151141,mein,goetz
gdc,11g1d.0,151122,151203,goetz,151185,151191,meinem,goetz
gdc,11g1d.0,151248,151566,goetz,151263,151266,ich,goetz
gdc,11g1d.0,151248,151566,goetz,151413,151416,ich,goetz
gdc,11g1d.0,151248,151566,goetz,151496,151500,mich,goetz
gdc,11g1d.0,151248,151566,goetz,151545,151548,ich,goetz
gdc,11g1d.0,151642,151952,max_stumpf,151790,151793,ich,max_stumpf
gdc,11g1d.0,151996,152037,max_stumpf,152004,152007,Ich,max_stumpf
gdc,11g1d.0,151996,152037,max_stumpf,152012,152016,mich,max_stumpf
gdc,11g1d.0,152253,152627,goetz,152278,152281,Ich,goetz
gdc,11g1d.0,152253,152627,goetz,152543,152546,ich,goetz
gdc,11g1d.0,152922,153055,goetz,152939,152942,mir,goetz
gdc,11g1d.0,152922,153055,goetz,152969,152972,mir,goetz
gdc,11g1d.0,153094,153141,goetz,153111,153114,ich,goetz
gdc,11g1d.0,153094,153141,goetz,153115,153119,mich,goetz
gdc,11g1d.0,153304,153459,goetz,153325,153331,meiner,goetz
gdc,11g1d.0,153304,153459,goetz,153380,153383,mir,goetz
gdc,11g1d.0,154436,154504,weislingen,154448,154452,Mein,weislingen
gdc,11g1d.0,154832,155015,weislingen,154868,154871,Ich,weislingen
gdc,11g1d.0,154832,155015,weislingen,154941,154945,mein,weislingen
gdc,11g1d.0,154832,155015,weislingen,154997,155000,mir,weislingen
gdc,11g1d.0,155325,155439,elisabeth,155405,155408,mir,elisabeth
gdc,11g1d.0,155477,155648,elisabeth,155558,155561,mir,elisabeth
gdc,11g1d.0,155477,155648,elisabeth,155584,155587,Ich,elisabeth
gdc,11g1d.0,155477,155648,elisabeth,155595,155599,mich,elisabeth
gdc,11g1d.0,155477,155648,elisabeth,155629,155632,mir,elisabeth
gdc,11g1d.0,155685,155961,elisabeth,155840,155843,ich,elisabeth
gdc,11g1d.0,156278,156710,lerse,156313,156317,mich,lerse
gdc,11g1d.0,156278,156710,lerse,156426,156429,ich,lerse
gdc,11g1d.0,156715,156874,elisabeth,156845,156848,ich,elisabeth
gdc,11g1d.0,156991,157212,elisabeth,157117,157120,Ich,elisabeth
gdc,11g1d.0,157217,157397,lerse,157241,157244,mir,lerse
gdc,11g1d.0,157217,157397,lerse,157253,157257,mich,lerse
gdc,11g1d.0,157217,157397,lerse,157292,157298,meiner,lerse
gdc,11g1d.0,157217,157397,lerse,157363,157367,mich,lerse
gdc,11g1d.0,157402,157495,elisabeth,157413,157416,Ich,elisabeth
gdc,11g1d.0,157402,157495,elisabeth,157452,157455,ich,elisabeth
gdc,11g1d.0,157500,157547,lerse,157521,157524,ich,lerse
gdc,11g1d.0,157584,158112,goetz,157618,157621,ich,goetz
gdc,11g1d.0,157584,158112,goetz,157724,157727,Ich,goetz
gdc,11g1d.0,157584,158112,goetz,157733,157737,mich,goetz
gdc,11g1d.0,157584,158112,goetz,157807,157811,mich,goetz
gdc,11g1d.0,157584,158112,goetz,157848,157851,ich,goetz
gdc,11g1d.0,157584,158112,goetz,157935,157938,ich,goetz
gdc,11g1d.0,157584,158112,goetz,157967,157970,Ich,goetz
gdc,11g1d.0,157584,158112,goetz,158052,158056,mein,goetz
gdc,11g1d.0,157584,158112,goetz,158073,158077,mich,goetz
gdc,11g1d.0,158221,158494,unbekannter,158260,158263,Ich,unbekannter
gdc,11g1d.0,158499,158695,goetz,158587,158591,mein,goetz
gdc,11g1d.0,158499,158695,goetz,158632,158635,ich,goetz
gdc,11g1d.0,158921,159059,goetz,159016,159020,Mein,goetz
gdc,11g1d.0,158921,159059,goetz,159028,159032,Mein,goetz
gdc,11g1d.0,159345,159502,goetz,159372,159375,mir,goetz
gdc,11g1d.0,159345,159502,goetz,159415,159418,mir,goetz
gdc,11g1d.0,159534,159621,goetz,159550,159556,meinen,goetz
gdc,11g1d.0,159534,159621,goetz,159575,159580,meine,goetz
gdc,11g1d.0,159897,160308,weislingen,160002,160005,ich,weislingen
gdc,11g1d.0,159897,160308,weislingen,160115,160118,ich,weislingen
gdc,11g1d.0,160637,160667,knab,160655,160659,mich,knab
gdc,11g1d.0,160672,160822,zigeunermutter,160684,160687,mir,zigeunermutter
gdc,11g1d.0,161733,161808,sticks,161761,161764,ich,sticks
gdc,11g1d.0,161943,162089,goetz,161973,161976,ich,goetz
gdc,11g1d.0,161943,162089,goetz,162000,162005,Meine,goetz
gdc,11g1d.0,161943,162089,goetz,162085,162088,mir,goetz
gdc,11g1d.0,162138,162218,goetz,162144,162147,Ich,goetz
gdc,11g1d.0,162138,162218,goetz,162170,162175,Meine,goetz
gdc,11g1d.0,162138,162218,goetz,162192,162196,mich,goetz
gdc,11g1d.0,162138,162218,goetz,162204,162207,mir,goetz
gdc,11g1d.0,162415,162445,zigeunerhauptmann,162435,162439,mein,zigeunerhauptmann
gdc,11g1d.0,162588,162627,zigeunerhauptmann,162608,162612,mein,zigeunerhauptmann
gdc,11g1d.0,162676,162724,zigeunerhauptmann,162691,162694,mir,zigeunerhauptmann
gdc,11g1d.0,162729,162750,goetz,162745,162749,mich,goetz
gdc,11g1d.0,163305,163329,goetz,163318,163322,mein,goetz
gdc,11g1d.0,163361,163487,goetz,163434,163440,meinen,goetz
gdc,11g1d.0,163361,163487,goetz,163453,163456,Ich,goetz
gdc,11g1d.0,163710,163864,adelheid,163729,163732,ich,adelheid
gdc,11g1d.0,163710,163864,adelheid,163750,163753,Mir,adelheid
gdc,11g1d.0,163868,163903,franz,163881,163884,mir,franz
gdc,11g1d.0,163908,163983,adelheid,163947,163950,ich,adelheid
gdc,11g1d.0,164168,164254,franz,164175,164179,Mich,franz
gdc,11g1d.0,164168,164254,franz,164214,164220,meines,franz
gdc,11g1d.0,164168,164254,franz,164244,164248,mein,franz
gdc,11g1d.0,164317,164399,franz,164328,164331,ich,franz
gdc,11g1d.0,164434,164471,franz,164441,164444,Ich,franz
gdc,11g1d.0,164476,164729,adelheid,164564,164568,mich,adelheid
gdc,11g1d.0,164476,164729,adelheid,164618,164624,meiner,adelheid
gdc,11g1d.0,164476,164729,adelheid,164643,164647,mich,adelheid
gdc,11g1d.0,164476,164729,adelheid,164685,164689,mich,adelheid
gdc,11g1d.0,164822,164949,adelheid,164832,164835,Ich,adelheid
gdc,11g1d.0,164822,164949,adelheid,164840,164844,mein,adelheid
gdc,11g1d.0,164822,164949,adelheid,164892,164896,mich,adelheid
gdc,11g1d.0,164822,164949,adelheid,164921,164925,mich,adelheid
gdc,11g1d.0,164981,165012,adelheid,165000,165004,mich,adelheid
gdc,11g1d.0,165110,165176,franz,165133,165136,ich,franz
gdc,11g1d.0,165181,165317,adelheid,165254,165257,ich,adelheid
gdc,11g1d.0,165360,165561,adelheid,165424,165427,mir,adelheid
gdc,11g1d.0,165360,165561,adelheid,165458,165461,ich,adelheid
gdc,11g1d.0,165636,165813,elisabeth,165730,165733,mir,elisabeth
gdc,11g1d.0,165818,165840,lerse,165825,165828,Ich,lerse
gdc,11g1d.0,166341,166580,elisabeth,166418,166421,mir,elisabeth
gdc,11g1d.0,166616,166685,elisabeth,166633,166637,mich,elisabeth
gdc,11g1d.0,166616,166685,elisabeth,166667,166670,Ich,elisabeth
gdc,11g1d.0,166725,167675,weislingen,166737,166740,Ich,weislingen
gdc,11g1d.0,166725,167675,weislingen,166772,166777,meine,weislingen
gdc,11g1d.0,166725,167675,weislingen,166948,166951,ich,weislingen
gdc,11g1d.0,166725,167675,weislingen,167001,167005,mich,weislingen
gdc,11g1d.0,166725,167675,weislingen,167015,167018,Ich,weislingen
gdc,11g1d.0,166725,167675,weislingen,167030,167036,meinem,weislingen
gdc,11g1d.0,166725,167675,weislingen,167056,167059,mir,weislingen
gdc,11g1d.0,166725,167675,weislingen,167095,167099,mich,weislingen
gdc,11g1d.0,166725,167675,weislingen,167131,167135,mich,weislingen
gdc,11g1d.0,166725,167675,weislingen,167160,167163,ich,weislingen
gdc,11g1d.0,166725,167675,weislingen,167512,167517,meine,weislingen
gdc,11g1d.0,166725,167675,weislingen,167582,167585,mir,weislingen
gdc,11g1d.0,166725,167675,weislingen,167608,167611,mir,weislingen
gdc,11g1d.0,166725,167675,weislingen,167638,167641,ich,weislingen
gdc,11g1d.0,167679,167857,weislingen,167710,167713,mir,weislingen
gdc,11g1d.0,167679,167857,weislingen,167723,167726,mir,weislingen
gdc,11g1d.0,167679,167857,weislingen,167799,167802,mir,weislingen
gdc,11g1d.0,167679,167857,weislingen,167816,167820,mich,weislingen
gdc,11g1d.0,167679,167857,weislingen,167837,167840,ich,weislingen
gdc,11g1d.0,167862,167915,maria,167881,167884,ich,maria
gdc,11g1d.0,167862,167915,maria,167901,167904,Ich,maria
gdc,11g1d.0,167957,168059,maria,167964,167967,Ich,maria
gdc,11g1d.0,167957,168059,maria,167975,167981,meines,maria
gdc,11g1d.0,168170,168457,maria,168181,168185,mein,maria
gdc,11g1d.0,168170,168457,maria,168243,168246,ich,maria
gdc,11g1d.0,168170,168457,maria,168292,168295,ich,maria
gdc,11g1d.0,168463,168748,weislingen,168521,168525,mich,weislingen
gdc,11g1d.0,168463,168748,weislingen,168538,168543,meine,weislingen
gdc,11g1d.0,168463,168748,weislingen,168572,168575,Ich,weislingen
gdc,11g1d.0,168463,168748,weislingen,168615,168619,mich,weislingen
gdc,11g1d.0,168463,168748,weislingen,168653,168656,ich,weislingen
gdc,11g1d.0,168753,168925,maria,168760,168764,Mein,maria
gdc,11g1d.0,169231,169399,weislingen,169258,169261,ich,weislingen
gdc,11g1d.0,169231,169399,weislingen,169284,169287,ich,weislingen
gdc,11g1d.0,169231,169399,weislingen,169309,169312,ich,weislingen
gdc,11g1d.0,169231,169399,weislingen,169373,169377,mein,weislingen
gdc,11g1d.0,169460,169594,maria,169517,169520,mir,maria
gdc,11g1d.0,169460,169594,maria,169541,169544,ich,maria
gdc,11g1d.0,169460,169594,maria,169558,169561,ich,maria
gdc,11g1d.0,169460,169594,maria,169577,169580,ich,maria
gdc,11g1d.0,169599,169704,weislingen,169647,169650,Ich,weislingen
gdc,11g1d.0,169756,169776,weislingen,169768,169771,Ich,weislingen
gdc,11g1d.0,169781,169856,franz,169830,169833,Ich,franz
gdc,11g1d.0,169781,169856,franz,169835,169838,Ich,franz
gdc,11g1d.0,169860,169979,weislingen,169928,169934,meinem,weislingen
gdc,11g1d.0,169860,169979,weislingen,169952,169955,Ich,weislingen
gdc,11g1d.0,170018,170071,weislingen,170057,170060,ich,weislingen
gdc,11g1d.0,170391,170440,maria,170398,170401,Ich,maria
gdc,11g1d.0,170445,170533,weislingen,170521,170525,Mein,weislingen
gdc,11g1d.0,170619,170747,weislingen,170657,170661,mich,weislingen
gdc,11g1d.0,170619,170747,weislingen,170662,170668,meinem,weislingen
gdc,11g1d.0,170752,170826,maria,170775,170779,mich,maria
gdc,11g1d.0,170752,170826,maria,170789,170794,Meine,maria
gdc,11g1d.0,170831,171147,weislingen,170862,170868,meinem,weislingen
gdc,11g1d.0,170831,171147,weislingen,170878,170882,Mein,weislingen
gdc,11g1d.0,170831,171147,weislingen,171082,171088,meiner,weislingen
gdc,11g1d.0,170831,171147,weislingen,171113,171117,mich,weislingen
gdc,11g1d.0,170831,171147,weislingen,171126,171130,mich,weislingen
gdc,11g1d.0,170831,171147,weislingen,171136,171139,ich,weislingen
gdc,11g1d.0,171152,171292,maria,171163,171167,mich,maria
gdc,11g1d.0,171152,171292,maria,171199,171202,ich,maria
gdc,11g1d.0,171152,171292,maria,171269,171272,ich,maria
gdc,11g1d.0,171297,171387,weislingen,171339,171343,mich,weislingen
gdc,11g1d.0,171297,171387,weislingen,171354,171358,mich,weislingen
gdc,11g1d.0,171297,171387,weislingen,171360,171364,Mein,weislingen
gdc,11g1d.0,171449,171585,weislingen,171461,171464,Ich,weislingen
gdc,11g1d.0,172186,172364,rufer,172193,172196,Ich,rufer
gdc,11g1d.0,172369,172564,klaeger,172387,172391,Mein,klaeger
gdc,11g1d.0,172369,172564,klaeger,172420,172425,meine,klaeger
gdc,11g1d.0,172369,172564,klaeger,172463,172466,mir,klaeger
gdc,11g1d.0,172369,172564,klaeger,172516,172519,Ich,klaeger
gdc,11g1d.0,172369,172564,klaeger,172525,172530,meine,klaeger
gdc,11g1d.0,172884,172904,klaeger,172892,172895,Ich,klaeger
gdc,11g1d.0,173010,173028,klaeger,173018,173021,Ich,klaeger
gdc,11g1d.0,173997,174149,maria,174011,174014,ich,maria
gdc,11g1d.0,173997,174149,maria,174036,174039,ich,maria
gdc,11g1d.0,173997,174149,maria,174040,174046,meinen,maria
gdc,11g1d.0,174222,174460,elisabeth,174233,174236,Ich,elisabeth
gdc,11g1d.0,174222,174460,elisabeth,174271,174274,mir,elisabeth
gdc,11g1d.0,174222,174460,elisabeth,174304,174308,mich,elisabeth
gdc,11g1d.0,174222,174460,elisabeth,174440,174443,ich,elisabeth
gdc,11g1d.0,174465,174682,goetz,174521,174525,mich,goetz
gdc,11g1d.0,174465,174682,goetz,174553,174558,meine,goetz
gdc,11g1d.0,174465,174682,goetz,174565,174570,meine,goetz
gdc,11g1d.0,174465,174682,goetz,174604,174608,Mein,goetz
gdc,11g1d.0,174760,175135,goetz,174825,174828,Ich,goetz
gdc,11g1d.0,174760,175135,goetz,174853,174859,meinen,goetz
gdc,11g1d.0,174760,175135,goetz,174889,174892,ich,goetz
gdc,11g1d.0,174760,175135,goetz,175008,175013,meine,goetz
gdc,11g1d.0,174760,175135,goetz,175046,175051,Meine,goetz
gdc,11g1d.0,174760,175135,goetz,175071,175074,Ich,goetz
gdc,11g1d.0,174760,175135,goetz,175103,175107,mein,goetz
gdc,11g1d.0,175181,175243,goetz,175195,175200,meine,goetz
gdc,11g1d.0,175289,175482,goetz,175295,175300,Meine,goetz
gdc,11g1d.0,175289,175482,goetz,175346,175350,mich,goetz
gdc,11g1d.0,175289,175482,goetz,175412,175415,ich,goetz
gdc,11g1d.0,175644,175742,elisabeth,175694,175700,meinem,elisabeth
gdc,11g1d.0,175747,175969,maria,175754,175760,Meines,maria
gdc,11g1d.0,175747,175969,maria,175791,175795,mein,maria
gdc,11g1d.0,175747,175969,maria,175864,175868,Mein,maria
gdc,11g1d.0,176078,176203,elisabeth,176089,176092,Ich,elisabeth
gdc,11g1d.0,176577,176765,elisabeth,176622,176626,mich,elisabeth
gdc,11g1d.0,176577,176765,elisabeth,176657,176661,mich,elisabeth
gdc,11g1d.0,176577,176765,elisabeth,176709,176712,Ich,elisabeth
gdc,11g1d.0,176849,177064,goetz,176987,176992,meine,goetz
gdc,11g1d.0,176849,177064,goetz,177001,177006,meine,goetz
gdc,11g1d.0,176849,177064,goetz,177031,177036,meine,goetz
gdc,11g1d.0,177070,177178,elisabeth,177086,177089,ich,elisabeth
gdc,11g1d.0,177183,177935,goetz,177218,177221,ich,goetz
gdc,11g1d.0,177183,177935,goetz,177234,177240,meinen,goetz
gdc,11g1d.0,177183,177935,goetz,177298,177301,mir,goetz
gdc,11g1d.0,177183,177935,goetz,177315,177318,ich,goetz
gdc,11g1d.0,177183,177935,goetz,177339,177343,Mein,goetz
gdc,11g1d.0,177183,177935,goetz,177476,177479,ich,goetz
gdc,11g1d.0,177183,177935,goetz,177526,177530,mich,goetz
gdc,11g1d.0,177183,177935,goetz,177600,177604,mein,goetz
gdc,11g1d.0,177183,177935,goetz,177640,177644,mich,goetz
gdc,11g1d.0,177183,177935,goetz,177663,177666,ich,goetz
gdc,11g1d.0,177183,177935,goetz,177693,177697,mich,goetz
gdc,11g1d.0,178042,178647,goetz,178121,178126,meine,goetz
gdc,11g1d.0,178042,178647,goetz,178151,178154,Ich,goetz
gdc,11g1d.0,178042,178647,goetz,178554,178558,mein,goetz
gdc,11g1d.0,178042,178647,goetz,178573,178576,mir,goetz
