corpus,drama,utteranceBegin,utteranceEnd,utteranceSpeakerId,mentionBegin,mentionEnd,mentionSurface,entityId
qd,kmdh.0,1339,1447,dore,1417,1421,mein,dore
qd,kmdh.0,2140,2250,dore,2220,2224,mich,dore
qd,kmdh.0,2521,2945,dore,2560,2563,ich,dore
qd,kmdh.0,2521,2945,dore,2775,2778,ich,dore
qd,kmdh.0,2521,2945,dore,2860,2864,mich,dore
qd,kmdh.0,3139,3424,lisbeth,3376,3379,ich,lisbeth
qd,kmdh.0,3139,3424,lisbeth,3386,3390,mein,lisbeth
qd,kmdh.0,3617,3767,lisbeth,3662,3665,ich,lisbeth
qd,kmdh.0,3872,3997,lisbeth,3956,3960,Mein,lisbeth
qd,kmdh.0,3872,3997,lisbeth,3963,3966,ich,lisbeth
qd,kmdh.0,4078,4319,lisbeth,4097,4100,mir,lisbeth
qd,kmdh.0,4078,4319,lisbeth,4122,4125,ich,lisbeth
qd,kmdh.0,4078,4319,lisbeth,4126,4130,mich,lisbeth
qd,kmdh.0,4078,4319,lisbeth,4172,4175,ich,lisbeth
qd,kmdh.0,4078,4319,lisbeth,4181,4187,meines,lisbeth
qd,kmdh.0,4078,4319,lisbeth,4275,4278,ich,lisbeth
qd,kmdh.0,4402,4747,lisbeth,4417,4420,ich,lisbeth
qd,kmdh.0,4402,4747,lisbeth,4553,4556,ich,lisbeth
qd,kmdh.0,4402,4747,lisbeth,4557,4561,mich,lisbeth
qd,kmdh.0,4402,4747,lisbeth,4653,4656,mir,lisbeth
qd,kmdh.0,4752,4879,dore,4829,4835,meinen,dore
qd,kmdh.0,4752,4879,dore,4850,4853,mir,dore
qd,kmdh.0,5160,5489,lisbeth,5320,5323,ich,lisbeth
qd,kmdh.0,5160,5489,lisbeth,5409,5412,mir,lisbeth
qd,kmdh.0,5596,5815,gertrud,5607,5610,Ich,gertrud
qd,kmdh.0,5596,5815,gertrud,5629,5632,ich,gertrud
qd,kmdh.0,5596,5815,gertrud,5633,5637,mein,gertrud
qd,kmdh.0,5596,5815,gertrud,5725,5728,mir,gertrud
qd,kmdh.0,6323,6403,gertrud,6361,6365,mich,gertrud
qd,kmdh.0,6408,7168,veit,6415,6418,Ich,veit
qd,kmdh.0,6408,7168,veit,6939,6942,ich,veit
qd,kmdh.0,7319,8153,veit,7356,7359,ich,veit
qd,kmdh.0,7319,8153,veit,7437,7440,mir,veit
qd,kmdh.0,7319,8153,veit,7550,7553,ich,veit
qd,kmdh.0,7319,8153,veit,7602,7605,mir,veit
qd,kmdh.0,8158,8744,gertrud,8307,8310,ich,gertrud
qd,kmdh.0,8158,8744,gertrud,8323,8326,ich,gertrud
qd,kmdh.0,8158,8744,gertrud,8327,8331,mein,gertrud
qd,kmdh.0,8158,8744,gertrud,8417,8420,ich,gertrud
qd,kmdh.0,8158,8744,gertrud,8644,8647,ich,gertrud
qd,kmdh.0,8158,8744,gertrud,8648,8652,mein,gertrud
qd,kmdh.0,8158,8744,gertrud,8684,8690,meiner,gertrud
qd,kmdh.0,8749,8970,veit,8811,8814,Ich,veit
qd,kmdh.0,8749,8970,veit,8847,8850,ich,veit
qd,kmdh.0,8975,10404,gertrud,9040,9044,mich,gertrud
qd,kmdh.0,8975,10404,gertrud,9056,9060,mich,gertrud
qd,kmdh.0,8975,10404,gertrud,9162,9165,ich,gertrud
qd,kmdh.0,8975,10404,gertrud,9194,9197,ich,gertrud
qd,kmdh.0,8975,10404,gertrud,9316,9319,mir,gertrud
qd,kmdh.0,8975,10404,gertrud,9336,9339,ich,gertrud
qd,kmdh.0,8975,10404,gertrud,9691,9695,mein,gertrud
qd,kmdh.0,8975,10404,gertrud,9800,9803,mir,gertrud
qd,kmdh.0,8975,10404,gertrud,9804,9808,mein,gertrud
qd,kmdh.0,8975,10404,gertrud,9874,9877,ich,gertrud
qd,kmdh.0,8975,10404,gertrud,9998,10001,ich,gertrud
qd,kmdh.0,8975,10404,gertrud,10240,10243,ich,gertrud
qd,kmdh.0,10410,11045,veit,10479,10482,mir,veit
qd,kmdh.0,10410,11045,veit,10899,10902,ich,veit
qd,kmdh.0,11052,11403,dore,11261,11264,ich,dore
qd,kmdh.0,11052,11403,dore,11273,11277,mich,dore
qd,kmdh.0,11052,11403,dore,11304,11307,ich,dore
qd,kmdh.0,11052,11403,dore,11314,11318,mich,dore
qd,kmdh.0,11052,11403,dore,11343,11346,ich,dore
qd,kmdh.0,11052,11403,dore,11347,11351,mich,dore
qd,kmdh.0,11052,11403,dore,11358,11362,mein,dore
qd,kmdh.0,11052,11403,dore,11365,11368,ich,dore
qd,kmdh.0,11474,11949,graf,11765,11768,ich,graf
qd,kmdh.0,11474,11949,graf,11884,11887,mir,graf
qd,kmdh.0,11474,11949,graf,11939,11943,mein,graf
qd,kmdh.0,12143,12240,dore,12169,12172,ich,dore
qd,kmdh.0,12633,12773,dore,12739,12742,ich,dore
qd,kmdh.0,12778,12889,graf,12814,12817,mir,graf
qd,kmdh.0,12962,13159,graf,12985,12989,mich,graf
qd,kmdh.0,12962,13159,graf,12991,12994,Ich,graf
qd,kmdh.0,12962,13159,graf,13050,13053,mir,graf
qd,kmdh.0,12962,13159,graf,13083,13086,ich,graf
qd,kmdh.0,13441,13482,dore,13469,13475,meinem,dore
qd,kmdh.0,13727,13901,graf,13782,13785,mir,graf
qd,kmdh.0,13906,13962,dore,13936,13942,meinem,dore
qd,kmdh.0,14073,14186,dore,14089,14092,ich,dore
qd,kmdh.0,14315,14438,graf,14404,14407,ich,graf
qd,kmdh.0,14443,14594,dore,14458,14461,mir,dore
qd,kmdh.0,14443,14594,dore,14474,14477,mir,dore
qd,kmdh.0,14443,14594,dore,14507,14510,ich,dore
qd,kmdh.0,14443,14594,dore,14562,14566,mein,dore
qd,kmdh.0,14696,14792,dore,14782,14785,ich,dore
qd,kmdh.0,15017,15110,graf,15047,15050,ich,graf
qd,kmdh.0,15115,15189,dore,15141,15146,meine,dore
qd,kmdh.0,15253,15479,dore,15268,15272,mein,dore
qd,kmdh.0,15484,15637,graf,15491,15496,Meine,graf
qd,kmdh.0,15484,15637,graf,15554,15557,mir,graf
qd,kmdh.0,15642,15995,dore,15669,15673,mich,dore
qd,kmdh.0,15642,15995,dore,15685,15688,Ich,dore
qd,kmdh.0,16000,16145,graf,16038,16042,mich,graf
qd,kmdh.0,16150,16487,dore,16400,16403,mir,dore
qd,kmdh.0,16150,16487,dore,16422,16425,ich,dore
qd,kmdh.0,16553,16659,dore,16644,16649,meine,dore
qd,kmdh.0,16706,16810,dore,16754,16757,ich,dore
qd,kmdh.0,17484,18010,dore,17755,17758,mir,dore
qd,kmdh.0,17484,18010,dore,17770,17773,ich,dore
qd,kmdh.0,17484,18010,dore,17804,17807,ich,dore
qd,kmdh.0,17484,18010,dore,17951,17954,ich,dore
qd,kmdh.0,18015,18068,graf,18054,18057,ich,graf
qd,kmdh.0,18571,18688,graf,18650,18653,ich,graf
qd,kmdh.0,18571,18688,graf,18679,18682,ich,graf
qd,kmdh.0,18693,19163,dore,18728,18731,mir,dore
qd,kmdh.0,18693,19163,dore,18753,18756,ich,dore
qd,kmdh.0,18693,19163,dore,18784,18787,mir,dore
qd,kmdh.0,18693,19163,dore,18825,18828,ich,dore
qd,kmdh.0,18693,19163,dore,18846,18849,ich,dore
qd,kmdh.0,18693,19163,dore,19036,19040,mich,dore
qd,kmdh.0,18693,19163,dore,19062,19065,ich,dore
qd,kmdh.0,18693,19163,dore,19124,19127,ich,dore
qd,kmdh.0,19375,19607,steffen,19546,19550,Mein,steffen
qd,kmdh.0,19375,19607,steffen,19588,19591,ich,steffen
qd,kmdh.0,19612,19744,dore,19676,19679,ich,dore
qd,kmdh.0,19749,20055,steffen,19910,19914,mein,steffen
qd,kmdh.0,20060,20227,graf,20213,20216,ich,graf
qd,kmdh.0,20233,20549,dore,20392,20396,mein,dore
qd,kmdh.0,20554,20626,graf,20572,20575,ich,graf
qd,kmdh.0,20752,21230,steffen,20955,20959,mein,steffen
qd,kmdh.0,20752,21230,steffen,21046,21049,ich,steffen
qd,kmdh.0,21235,21294,dore,21251,21254,ich,dore
qd,kmdh.0,21235,21294,dore,21266,21272,meiner,dore
qd,kmdh.0,21478,21618,steffen,21517,21520,mir,steffen
qd,kmdh.0,21478,21618,steffen,21562,21566,mein,steffen
qd,kmdh.0,21623,21719,graf,21680,21683,mir,graf
qd,kmdh.0,21725,22081,dore,21744,21747,ich,dore
qd,kmdh.0,21725,22081,dore,21749,21752,ich,dore
qd,kmdh.0,21725,22081,dore,21871,21874,ich,dore
qd,kmdh.0,21725,22081,dore,21875,21879,mein,dore
qd,kmdh.0,22086,22174,steffen,22157,22161,mein,steffen
qd,kmdh.0,22086,22174,steffen,22163,22166,ich,steffen
qd,kmdh.0,22179,22275,graf,22216,22219,Ich,graf
qd,kmdh.0,22379,22507,veit,22447,22450,ich,veit
qd,kmdh.0,22512,22624,gertrud,22576,22579,ich,gertrud
qd,kmdh.0,23092,23141,graf,23134,23137,ich,graf
qd,kmdh.0,23207,23314,veit,23233,23236,mir,veit
qd,kmdh.0,23207,23314,veit,23298,23301,mir,veit
qd,kmdh.0,23593,23630,graf,23617,23622,Meine,graf
qd,kmdh.0,23882,23938,bastian,23913,23916,Ich,bastian
qd,kmdh.0,23943,24067,gertrud,23954,23957,Ich,gertrud
qd,kmdh.0,23943,24067,gertrud,23978,23981,Ich,gertrud
qd,kmdh.0,23943,24067,gertrud,24016,24019,ich,gertrud
qd,kmdh.0,24183,24488,veit,24298,24302,mein,veit
qd,kmdh.0,24183,24488,veit,24317,24320,ich,veit
qd,kmdh.0,24183,24488,veit,24349,24352,ich,veit
qd,kmdh.0,24494,24865,dore,24592,24595,mir,dore
qd,kmdh.0,24494,24865,dore,24617,24620,ich,dore
qd,kmdh.0,24494,24865,dore,24757,24760,mir,dore
qd,kmdh.0,24494,24865,dore,24855,24858,ich,dore
qd,kmdh.0,24994,25057,bastian,25013,25016,ich,bastian
qd,kmdh.0,25390,25469,steffen,25443,25446,mir,steffen
qd,kmdh.0,25474,26489,dore,25538,25542,mich,dore
qd,kmdh.0,25474,26489,dore,25591,25594,ich,dore
qd,kmdh.0,25474,26489,dore,25657,25661,mich,dore
qd,kmdh.0,25474,26489,dore,25705,25708,ich,dore
qd,kmdh.0,25474,26489,dore,25779,25783,mich,dore
qd,kmdh.0,25474,26489,dore,25861,25865,mich,dore
qd,kmdh.0,25474,26489,dore,26044,26047,ich,dore
qd,kmdh.0,25474,26489,dore,26074,26077,mir,dore
qd,kmdh.0,25474,26489,dore,26117,26120,ich,dore
qd,kmdh.0,25474,26489,dore,26286,26289,mir,dore
qd,kmdh.0,25474,26489,dore,26322,26325,ich,dore
qd,kmdh.0,25474,26489,dore,26368,26372,mich,dore
qd,kmdh.0,25474,26489,dore,26445,26448,mir,dore
qd,kmdh.0,26494,26589,steffen,26522,26525,ich,steffen
qd,kmdh.0,26594,26688,dore,26652,26656,mich,dore
qd,kmdh.0,26806,28124,steffen,26882,26886,mich,steffen
qd,kmdh.0,26806,28124,steffen,27003,27006,Ich,steffen
qd,kmdh.0,26806,28124,steffen,27028,27032,mich,steffen
qd,kmdh.0,26806,28124,steffen,27057,27060,ich,steffen
qd,kmdh.0,26806,28124,steffen,27089,27092,ich,steffen
qd,kmdh.0,26806,28124,steffen,27128,27134,meinem,steffen
qd,kmdh.0,26806,28124,steffen,27352,27356,mich,steffen
qd,kmdh.0,26806,28124,steffen,27405,27408,ich,steffen
qd,kmdh.0,26806,28124,steffen,27547,27550,ich,steffen
qd,kmdh.0,26806,28124,steffen,27602,27605,mir,steffen
qd,kmdh.0,26806,28124,steffen,27759,27762,ich,steffen
qd,kmdh.0,26806,28124,steffen,27806,27809,ich,steffen
qd,kmdh.0,26806,28124,steffen,27864,27867,ich,steffen
qd,kmdh.0,26806,28124,steffen,27956,27960,mein,steffen
qd,kmdh.0,28437,28634,dore,28614,28617,ich,dore
qd,kmdh.0,28907,29144,dore,28980,28984,mich,dore
qd,kmdh.0,29149,29277,bastian,29179,29182,ich,bastian
qd,kmdh.0,29149,29277,bastian,29205,29208,ich,bastian
qd,kmdh.0,29149,29277,bastian,29237,29240,ich,bastian
qd,kmdh.0,29149,29277,bastian,29267,29270,ich,bastian
qd,kmdh.0,29282,29557,dore,29454,29457,ich,dore
qd,kmdh.0,29282,29557,dore,29458,29462,mein,dore
qd,kmdh.0,29562,29612,gertrud,29593,29596,ich,gertrud
qd,kmdh.0,29938,30200,veit,30023,30026,ich,veit
qd,kmdh.0,30206,30291,gertrud,30243,30246,ich,gertrud
qd,kmdh.0,30297,30633,dore,30321,30324,mir,dore
qd,kmdh.0,30297,30633,dore,30352,30355,Ich,dore
qd,kmdh.0,30297,30633,dore,30384,30387,ich,dore
qd,kmdh.0,30297,30633,dore,30428,30431,mir,dore
qd,kmdh.0,30297,30633,dore,30458,30461,ich,dore
qd,kmdh.0,30297,30633,dore,30486,30489,ich,dore
qd,kmdh.0,30297,30633,dore,30612,30616,mich,dore
qd,kmdh.0,30821,30909,dore,30863,30866,ich,dore
qd,kmdh.0,30914,31420,kathrin,31394,31397,ich,kathrin
qd,kmdh.0,31426,35426,dore,31750,31753,ich,dore
qd,kmdh.0,31426,35426,dore,32132,32135,ich,dore
qd,kmdh.0,31426,35426,dore,32441,32444,ich,dore
qd,kmdh.0,31426,35426,dore,33224,33227,ich,dore
qd,kmdh.0,31426,35426,dore,33228,33231,mir,dore
qd,kmdh.0,31426,35426,dore,33460,33463,ich,dore
qd,kmdh.0,31426,35426,dore,33481,33484,ich,dore
qd,kmdh.0,31426,35426,dore,34210,34213,ich,dore
qd,kmdh.0,31426,35426,dore,34525,34528,ich,dore
qd,kmdh.0,31426,35426,dore,34779,34782,ich,dore
qd,kmdh.0,31426,35426,dore,34973,34976,ich,dore
qd,kmdh.0,31426,35426,dore,35103,35106,mir,dore
qd,kmdh.0,31426,35426,dore,35216,35219,ich,dore
qd,kmdh.0,35518,36436,charles,35631,35634,ich,charles
qd,kmdh.0,35518,36436,charles,35635,35639,mich,charles
qd,kmdh.0,35518,36436,charles,35670,35673,mir,charles
qd,kmdh.0,35518,36436,charles,35763,35768,meine,charles
qd,kmdh.0,35518,36436,charles,35903,35907,mein,charles
qd,kmdh.0,35518,36436,charles,36042,36047,meine,charles
qd,kmdh.0,35518,36436,charles,36080,36086,meinen,charles
qd,kmdh.0,35518,36436,charles,36100,36104,mein,charles
qd,kmdh.0,35518,36436,charles,36152,36155,mir,charles
qd,kmdh.0,35518,36436,charles,36325,36328,Ich,charles
qd,kmdh.0,35518,36436,charles,36347,36351,mein,charles
qd,kmdh.0,35518,36436,charles,36393,36396,mir,charles
qd,kmdh.0,36687,36791,adolph,36740,36744,mein,adolph
qd,kmdh.0,36863,37101,adolph,36920,36924,mich,adolph
qd,kmdh.0,36863,37101,adolph,37060,37063,ich,adolph
qd,kmdh.0,37106,37157,charles,37132,37135,Ich,charles
qd,kmdh.0,37511,37738,charles,37532,37536,mich,charles
qd,kmdh.0,37511,37738,charles,37608,37611,mir,charles
qd,kmdh.0,37511,37738,charles,37641,37644,ich,charles
qd,kmdh.0,37511,37738,charles,37651,37655,mein,charles
qd,kmdh.0,37511,37738,charles,37692,37695,ich,charles
qd,kmdh.0,37938,38236,charles,38001,38004,mir,charles
qd,kmdh.0,37938,38236,charles,38131,38137,meinem,charles
qd,kmdh.0,37938,38236,charles,38202,38208,meines,charles
qd,kmdh.0,38419,38603,charles,38499,38502,ich,charles
qd,kmdh.0,38419,38603,charles,38556,38561,meine,charles
qd,kmdh.0,38667,39209,charles,38913,38917,mein,charles
qd,kmdh.0,38667,39209,charles,38954,38957,ich,charles
qd,kmdh.0,38667,39209,charles,39063,39068,meine,charles
qd,kmdh.0,38667,39209,charles,39102,39107,meine,charles
qd,kmdh.0,38667,39209,charles,39130,39133,mir,charles
qd,kmdh.0,38667,39209,charles,39168,39172,mich,charles
qd,kmdh.0,39214,39705,adolph,39314,39317,ich,adolph
qd,kmdh.0,39214,39705,adolph,39379,39382,Ich,adolph
qd,kmdh.0,39214,39705,adolph,39412,39416,mein,adolph
qd,kmdh.0,39214,39705,adolph,39570,39573,ich,adolph
qd,kmdh.0,39214,39705,adolph,39593,39599,meines,adolph
qd,kmdh.0,39214,39705,adolph,39613,39617,mein,adolph
qd,kmdh.0,40100,40733,denise,40548,40551,mir,denise
qd,kmdh.0,40100,40733,denise,40566,40571,meine,denise
qd,kmdh.0,40100,40733,denise,40695,40698,ich,denise
qd,kmdh.0,40100,40733,denise,40699,40702,mir,denise
qd,kmdh.0,40912,41117,denise,40977,40980,ich,denise
qd,kmdh.0,40912,41117,denise,41025,41029,mich,denise
qd,kmdh.0,41220,41354,denise,41248,41252,mein,denise
qd,kmdh.0,41591,41628,adolph,41612,41615,Ich,adolph
qd,kmdh.0,41716,41998,denise,41756,41759,ich,denise
qd,kmdh.0,41716,41998,denise,41934,41937,Ich,denise
qd,kmdh.0,42746,43446,charles,43441,43445,mich,charles
qd,kmdh.0,43665,43738,charles,43682,43685,Ich,charles
qd,kmdh.0,43743,43931,leblanc,43786,43790,mein,leblanc
qd,kmdh.0,43743,43931,leblanc,43826,43829,ich,leblanc
qd,kmdh.0,43743,43931,leblanc,43857,43861,mein,leblanc
qd,kmdh.0,44106,44420,leblanc,44163,44166,mir,leblanc
qd,kmdh.0,44106,44420,leblanc,44235,44241,meines,leblanc
qd,kmdh.0,44106,44420,leblanc,44262,44268,meinen,leblanc
qd,kmdh.0,44106,44420,leblanc,44289,44292,Ich,leblanc
qd,kmdh.0,44106,44420,leblanc,44299,44303,mich,leblanc
qd,kmdh.0,44488,44738,leblanc,44567,44571,mein,leblanc
qd,kmdh.0,44823,44951,diener,44878,44881,Ich,diener
qd,kmdh.0,44957,45049,leblanc,45022,45026,mich,leblanc
qd,kmdh.0,45054,45364,graf,45255,45259,mein,graf
qd,kmdh.0,45054,45364,graf,45276,45279,ich,graf
qd,kmdh.0,45054,45364,graf,45343,45349,meinen,graf
qd,kmdh.0,45369,45515,leblanc,45420,45426,meinem,leblanc
qd,kmdh.0,45369,45515,leblanc,45466,45469,mir,leblanc
qd,kmdh.0,45520,46171,graf,45566,45569,ich,graf
qd,kmdh.0,45520,46171,graf,45608,45613,meine,graf
qd,kmdh.0,45520,46171,graf,45682,45687,meine,graf
qd,kmdh.0,45520,46171,graf,45729,45732,Ich,graf
qd,kmdh.0,45520,46171,graf,45765,45768,ich,graf
qd,kmdh.0,45520,46171,graf,45928,45932,mein,graf
qd,kmdh.0,45520,46171,graf,45968,45971,ich,graf
qd,kmdh.0,45520,46171,graf,46052,46055,mir,graf
qd,kmdh.0,45520,46171,graf,46131,46134,mir,graf
qd,kmdh.0,46176,46320,leblanc,46225,46228,ich,leblanc
qd,kmdh.0,46325,46647,graf,46389,46392,ich,graf
qd,kmdh.0,46325,46647,graf,46464,46468,mein,graf
qd,kmdh.0,46652,46857,leblanc,46829,46832,ich,leblanc
qd,kmdh.0,46652,46857,leblanc,46833,46836,mir,leblanc
qd,kmdh.0,46910,47158,leblanc,46925,46928,ich,leblanc
qd,kmdh.0,46910,47158,leblanc,46975,46979,mein,leblanc
qd,kmdh.0,46910,47158,leblanc,47013,47018,meine,leblanc
qd,kmdh.0,46910,47158,leblanc,47064,47069,meine,leblanc
qd,kmdh.0,47163,47259,graf,47233,47236,ich,graf
qd,kmdh.0,47264,47408,leblanc,47290,47295,Meine,leblanc
qd,kmdh.0,47413,47615,graf,47435,47439,mich,graf
qd,kmdh.0,47413,47615,graf,47492,47495,ich,graf
qd,kmdh.0,47413,47615,graf,47554,47557,ich,graf
qd,kmdh.0,47413,47615,graf,47570,47573,mir,graf
qd,kmdh.0,47620,47816,leblanc,47666,47670,mich,leblanc
qd,kmdh.0,47620,47816,leblanc,47681,47684,ich,leblanc
qd,kmdh.0,47912,48100,graf,48011,48014,ich,graf
qd,kmdh.0,48286,48408,denise,48362,48365,Mir,denise
qd,kmdh.0,48413,48582,rose,48545,48548,Ich,rose
qd,kmdh.0,48413,48582,rose,48573,48577,mich,rose
qd,kmdh.0,48587,48756,denise,48658,48661,ich,denise
qd,kmdh.0,48761,48958,rose,48946,48949,ich,rose
qd,kmdh.0,49558,49757,rose,49599,49602,Ich,rose
qd,kmdh.0,49558,49757,rose,49739,49742,ich,rose
qd,kmdh.0,49762,49802,adolph,49787,49790,ich,adolph
qd,kmdh.0,49904,50672,rose,49916,49919,ich,rose
qd,kmdh.0,49904,50672,rose,49989,49992,mir,rose
qd,kmdh.0,49904,50672,rose,50103,50106,mir,rose
qd,kmdh.0,49904,50672,rose,50220,50223,mir,rose
qd,kmdh.0,49904,50672,rose,50433,50436,mir,rose
qd,kmdh.0,49904,50672,rose,50442,50445,ich,rose
qd,kmdh.0,49904,50672,rose,50475,50479,mich,rose
qd,kmdh.0,49904,50672,rose,50539,50542,mir,rose
qd,kmdh.0,49904,50672,rose,50585,50589,mich,rose
qd,kmdh.0,50744,50874,denise,50765,50768,ich,denise
qd,kmdh.0,50744,50874,denise,50854,50857,ich,denise
qd,kmdh.0,50879,50999,graf,50973,50977,mich,graf
qd,kmdh.0,51171,51217,adolph,51206,51210,Mein,adolph
qd,kmdh.0,51222,51402,graf,51255,51258,Ich,graf
qd,kmdh.0,51222,51402,graf,51265,51269,mich,graf
qd,kmdh.0,51222,51402,graf,51347,51350,ich,graf
qd,kmdh.0,51546,51596,adolph,51585,51589,mein,adolph
qd,kmdh.0,51757,51874,adolph,51777,51780,Ich,adolph
qd,kmdh.0,51757,51874,adolph,51792,51795,mir,adolph
qd,kmdh.0,51907,52040,rose,51969,51973,mein,rose
qd,kmdh.0,52045,52132,graf,52080,52083,ich,graf
qd,kmdh.0,52045,52132,graf,52092,52096,mich,graf
qd,kmdh.0,52193,52335,rose,52260,52263,mir,rose
qd,kmdh.0,52193,52335,rose,52288,52291,Ich,rose
qd,kmdh.0,52340,52503,graf,52385,52388,Ich,graf
qd,kmdh.0,52340,52503,graf,52458,52461,Ich,graf
qd,kmdh.0,53140,53594,rose,53302,53305,mir,rose
qd,kmdh.0,53140,53594,rose,53344,53349,meine,rose
qd,kmdh.0,53140,53594,rose,53448,53453,meine,rose
qd,kmdh.0,53140,53594,rose,53529,53533,Mein,rose
qd,kmdh.0,53140,53594,rose,53567,53570,mir,rose
qd,kmdh.0,53643,53722,rose,53696,53700,mich,rose
qd,kmdh.0,53727,53811,graf,53751,53754,Ich,graf
qd,kmdh.0,53727,53811,graf,53774,53778,mein,graf
qd,kmdh.0,53885,53964,charles,53952,53957,meine,charles
qd,kmdh.0,54245,54350,rose,54337,54341,mich,rose
qd,kmdh.0,54388,54486,rose,54407,54410,Ich,rose
qd,kmdh.0,54388,54486,rose,54441,54445,mich,rose
qd,kmdh.0,54388,54486,rose,54472,54475,ich,rose
qd,kmdh.0,54628,54884,graf,54658,54661,Ich,graf
qd,kmdh.0,55001,55553,rose,55064,55067,ich,rose
qd,kmdh.0,55001,55553,rose,55105,55108,ich,rose
qd,kmdh.0,55001,55553,rose,55253,55256,ich,rose
qd,kmdh.0,55001,55553,rose,55261,55265,mein,rose
qd,kmdh.0,55001,55553,rose,55332,55335,ich,rose
qd,kmdh.0,55001,55553,rose,55510,55513,mir,rose
qd,kmdh.0,55001,55553,rose,55541,55545,mich,rose
qd,kmdh.0,55639,55938,rose,55704,55707,ich,rose
qd,kmdh.0,55639,55938,rose,55761,55765,mich,rose
qd,kmdh.0,55639,55938,rose,55806,55810,mich,rose
qd,kmdh.0,55639,55938,rose,55819,55822,ich,rose
qd,kmdh.0,55639,55938,rose,55836,55839,ich,rose
qd,kmdh.0,55639,55938,rose,55846,55849,Ich,rose
qd,kmdh.0,55639,55938,rose,55865,55869,mein,rose
qd,kmdh.0,55639,55938,rose,55901,55905,mich,rose
qd,kmdh.0,55988,56183,graf,56019,56023,mein,graf
qd,kmdh.0,56188,56308,leblanc,56287,56290,ich,leblanc
qd,kmdh.0,56360,56417,rose,56375,56378,Ich,rose
qd,kmdh.0,56360,56417,rose,56399,56402,ich,rose
qd,kmdh.0,56485,56526,rose,56492,56495,Ich,rose
qd,kmdh.0,56641,56793,graf,56668,56671,ich,graf
qd,kmdh.0,56877,57110,leblanc,56964,56968,mich,leblanc
qd,kmdh.0,56877,57110,leblanc,57023,57026,ich,leblanc
qd,kmdh.0,56877,57110,leblanc,57062,57065,ich,leblanc
qd,kmdh.0,57115,57246,graf,57150,57153,ich,graf
qd,kmdh.0,57251,57360,rose,57258,57261,Ich,rose
qd,kmdh.0,57251,57360,rose,57316,57320,mich,rose
qd,kmdh.0,57365,57545,graf,57395,57398,Ich,graf
qd,kmdh.0,57365,57545,graf,57408,57413,meine,graf
qd,kmdh.0,57365,57545,graf,57474,57478,Mein,graf
qd,kmdh.0,57365,57545,graf,57520,57523,mir,graf
qd,kmdh.0,57550,57678,adolph,57656,57659,ich,adolph
qd,kmdh.0,57775,57871,leblanc,57823,57826,ich,leblanc
qd,kmdh.0,57877,57978,charles,57913,57916,mir,charles
qd,kmdh.0,58037,58245,charles,58104,58107,ich,charles
qd,kmdh.0,58865,58899,rose,58880,58883,Ich,rose
qd,kmdh.0,59021,59161,rose,59046,59049,ich,rose
qd,kmdh.0,59021,59161,rose,59079,59082,mir,rose
qd,kmdh.0,59021,59161,rose,59099,59102,mir,rose
qd,kmdh.0,59021,59161,rose,59125,59130,Meine,rose
qd,kmdh.0,59463,59556,rose,59545,59549,mich,rose
qd,kmdh.0,59561,59651,adolph,59570,59574,Mein,adolph
qd,kmdh.0,59561,59651,adolph,59591,59596,meine,adolph
qd,kmdh.0,59656,59806,rose,59730,59735,meine,rose
qd,kmdh.0,59656,59806,rose,59745,59748,Ich,rose
qd,kmdh.0,59656,59806,rose,59787,59791,mich,rose
qd,kmdh.0,59904,60026,rose,59949,59952,ich,rose
qd,kmdh.0,59904,60026,rose,59970,59975,meine,rose
qd,kmdh.0,59904,60026,rose,60022,60025,mir,rose
qd,kmdh.0,60031,60213,adolph,60055,60058,Ich,adolph
qd,kmdh.0,60031,60213,adolph,60104,60107,mir,adolph
qd,kmdh.0,60031,60213,adolph,60129,60132,mir,adolph
qd,kmdh.0,60031,60213,adolph,60144,60147,ich,adolph
qd,kmdh.0,60031,60213,adolph,60191,60194,mir,adolph
qd,kmdh.0,60218,60260,rose,60244,60247,ich,rose
qd,kmdh.0,60265,60621,adolph,60285,60289,mich,adolph
qd,kmdh.0,60265,60621,adolph,60529,60534,meine,adolph
qd,kmdh.0,61244,61414,rose,61376,61379,Ich,rose
qd,kmdh.0,61244,61414,rose,61410,61413,mir,rose
qd,kmdh.0,61419,61630,adolph,61514,61517,mir,adolph
qd,kmdh.0,61419,61630,adolph,61576,61580,mich,adolph
qd,kmdh.0,61419,61630,adolph,61609,61612,ich,adolph
qd,kmdh.0,61699,61910,adolph,61753,61756,ich,adolph
qd,kmdh.0,61699,61910,adolph,61796,61799,mir,adolph
qd,kmdh.0,61699,61910,adolph,61858,61861,ich,adolph
qd,kmdh.0,61699,61910,adolph,61877,61881,mein,adolph
qd,kmdh.0,61699,61910,adolph,61898,61902,mich,adolph
qd,kmdh.0,61915,62109,rose,61970,61973,ich,rose
qd,kmdh.0,61915,62109,rose,62009,62012,ich,rose
qd,kmdh.0,61915,62109,rose,62033,62036,ich,rose
qd,kmdh.0,62114,62234,adolph,62125,62128,ich,adolph
qd,kmdh.0,62114,62234,adolph,62147,62150,ich,adolph
qd,kmdh.0,62114,62234,adolph,62197,62201,mich,adolph
qd,kmdh.0,62239,63058,rose,62289,62292,ich,rose
qd,kmdh.0,62239,63058,rose,62330,62333,mir,rose
qd,kmdh.0,62239,63058,rose,62536,62539,ich,rose
qd,kmdh.0,62239,63058,rose,62591,62594,mir,rose
qd,kmdh.0,62239,63058,rose,62609,62615,meines,rose
qd,kmdh.0,62239,63058,rose,62643,62646,ich,rose
qd,kmdh.0,62239,63058,rose,62677,62681,mich,rose
qd,kmdh.0,62239,63058,rose,62704,62707,mir,rose
qd,kmdh.0,62239,63058,rose,62797,62801,mich,rose
qd,kmdh.0,62239,63058,rose,62835,62838,ich,rose
qd,kmdh.0,62239,63058,rose,62936,62939,mir,rose
qd,kmdh.0,62239,63058,rose,62950,62953,ich,rose
qd,kmdh.0,63063,63219,adolph,63117,63121,mein,adolph
qd,kmdh.0,63324,63500,adolph,63340,63343,Ich,adolph
qd,kmdh.0,63324,63500,adolph,63366,63369,ich,adolph
qd,kmdh.0,63324,63500,adolph,63476,63480,mein,adolph
qd,kmdh.0,63324,63500,adolph,63495,63499,mein,adolph
qd,kmdh.0,63505,63980,rose,63532,63535,Ich,rose
qd,kmdh.0,63505,63980,rose,63637,63641,mein,rose
qd,kmdh.0,63505,63980,rose,63734,63737,ich,rose
qd,kmdh.0,63505,63980,rose,63745,63748,ich,rose
qd,kmdh.0,63505,63980,rose,63774,63777,ich,rose
qd,kmdh.0,63505,63980,rose,63840,63844,mich,rose
qd,kmdh.0,63505,63980,rose,63878,63881,ich,rose
qd,kmdh.0,63985,64111,adolph,64053,64056,mir,adolph
qd,kmdh.0,64117,64177,rose,64154,64157,Ich,rose
qd,kmdh.0,64117,64177,rose,64169,64172,ich,rose
qd,kmdh.0,64182,64277,adolph,64255,64259,mich,adolph
qd,kmdh.0,64283,64349,rose,64308,64311,mir,rose
qd,kmdh.0,64618,64768,charles,64666,64671,meine,charles
qd,kmdh.0,64618,64768,charles,64716,64720,mein,charles
qd,kmdh.0,64618,64768,charles,64748,64751,mir,charles
qd,kmdh.0,64839,64935,bastian,64866,64869,ich,bastian
qd,kmdh.0,64839,64935,bastian,64901,64904,mir,bastian
qd,kmdh.0,65020,65079,diener,65066,65069,ich,diener
qd,kmdh.0,65084,65228,bastian,65193,65196,ich,bastian
qd,kmdh.0,65233,65440,rose,65314,65318,Mein,rose
qd,kmdh.0,65445,65814,bastian,65653,65656,ich,bastian
qd,kmdh.0,65445,65814,bastian,65713,65716,ich,bastian
qd,kmdh.0,65445,65814,bastian,65795,65798,ich,bastian
qd,kmdh.0,65819,65881,rose,65836,65840,mich,rose
qd,kmdh.0,65819,65881,rose,65869,65872,ich,rose
qd,kmdh.0,65960,66106,rose,65967,65970,Ich,rose
qd,kmdh.0,65960,66106,rose,66037,66040,ich,rose
qd,kmdh.0,65960,66106,rose,66092,66096,mich,rose
qd,kmdh.0,66111,66534,bastian,66362,66365,mir,bastian
qd,kmdh.0,66848,67083,bastian,67073,67076,ich,bastian
qd,kmdh.0,67088,67461,rose,67180,67183,mir,rose
qd,kmdh.0,67088,67461,rose,67192,67195,Ich,rose
qd,kmdh.0,67088,67461,rose,67292,67296,mich,rose
qd,kmdh.0,67088,67461,rose,67374,67378,mich,rose
qd,kmdh.0,67595,68027,rose,67625,67628,ich,rose
qd,kmdh.0,67595,68027,rose,67661,67665,mich,rose
qd,kmdh.0,67595,68027,rose,67677,67680,ich,rose
qd,kmdh.0,67595,68027,rose,67681,67685,mich,rose
qd,kmdh.0,67595,68027,rose,67686,67692,meiner,rose
qd,kmdh.0,67595,68027,rose,67716,67719,ich,rose
qd,kmdh.0,68213,68419,leblanc,68361,68364,mir,leblanc
qd,kmdh.0,68497,68622,leblanc,68512,68515,ich,leblanc
qd,kmdh.0,68497,68622,leblanc,68546,68549,ich,leblanc
qd,kmdh.0,68628,68806,rose,68666,68669,Ich,rose
qd,kmdh.0,68628,68806,rose,68687,68690,Ich,rose
qd,kmdh.0,68628,68806,rose,68712,68716,mein,rose
qd,kmdh.0,68628,68806,rose,68742,68746,mich,rose
qd,kmdh.0,69263,69425,rose,69385,69388,mir,rose
qd,kmdh.0,69263,69425,rose,69399,69403,mich,rose
qd,kmdh.0,69430,69519,leblanc,69454,69457,Ich,leblanc
qd,kmdh.0,69524,69655,rose,69565,69570,meine,rose
qd,kmdh.0,69524,69655,rose,69599,69604,meine,rose
qd,kmdh.0,69524,69655,rose,69648,69652,mich,rose
qd,kmdh.0,69895,70496,bastian,70129,70132,mir,bastian
qd,kmdh.0,69895,70496,bastian,70480,70483,ich,bastian
qd,kmdh.0,70501,70697,rose,70652,70656,mich,rose
qd,kmdh.0,71550,71669,rose,71638,71643,meine,rose
qd,kmdh.0,71674,72059,denise,71683,71686,Ich,denise
qd,kmdh.0,71674,72059,denise,71885,71888,ich,denise
qd,kmdh.0,71674,72059,denise,71889,71892,mir,denise
qd,kmdh.0,71674,72059,denise,72024,72027,mir,denise
qd,kmdh.0,72064,72218,rose,72092,72096,mich,rose
qd,kmdh.0,72528,72632,rose,72578,72582,mich,rose
qd,kmdh.0,72528,72632,rose,72589,72595,meinen,rose
qd,kmdh.0,72637,72752,denise,72646,72649,Ich,denise
qd,kmdh.0,72757,72848,rose,72837,72840,ich,rose
qd,kmdh.0,72928,72988,rose,72944,72948,Mich,rose
qd,kmdh.0,72993,73155,denise,73029,73032,ich,denise
qd,kmdh.0,73241,73769,denise,73273,73276,Ich,denise
qd,kmdh.0,73241,73769,denise,73328,73331,ich,denise
qd,kmdh.0,73241,73769,denise,73384,73388,mich,denise
qd,kmdh.0,73241,73769,denise,73411,73415,mich,denise
qd,kmdh.0,73241,73769,denise,73449,73452,ich,denise
qd,kmdh.0,73241,73769,denise,73599,73602,ich,denise
qd,kmdh.0,73241,73769,denise,73638,73641,ich,denise
qd,kmdh.0,73241,73769,denise,73678,73681,ich,denise
qd,kmdh.0,73774,73805,rose,73795,73798,Ich,rose
qd,kmdh.0,73774,73805,rose,73801,73804,ich,rose
qd,kmdh.0,74268,74345,rose,74320,74325,Meine,rose
qd,kmdh.0,74528,74601,rose,74556,74560,mich,rose
qd,kmdh.0,74528,74601,rose,74581,74584,ich,rose
qd,kmdh.0,74606,74735,denise,74629,74632,Ich,denise
qd,kmdh.0,74606,74735,denise,74685,74688,ich,denise
qd,kmdh.0,74779,77543,rose,74841,74844,mir,rose
qd,kmdh.0,74779,77543,rose,74892,74895,mir,rose
qd,kmdh.0,74779,77543,rose,74917,74920,ich,rose
qd,kmdh.0,74779,77543,rose,75047,75053,meinem,rose
qd,kmdh.0,74779,77543,rose,75133,75137,mich,rose
qd,kmdh.0,74779,77543,rose,75179,75183,mich,rose
qd,kmdh.0,74779,77543,rose,75198,75201,ich,rose
qd,kmdh.0,74779,77543,rose,75248,75251,Ich,rose
qd,kmdh.0,74779,77543,rose,75297,75300,mir,rose
qd,kmdh.0,74779,77543,rose,75367,75370,mir,rose
qd,kmdh.0,74779,77543,rose,75383,75386,Ich,rose
qd,kmdh.0,74779,77543,rose,75428,75431,ich,rose
qd,kmdh.0,74779,77543,rose,75439,75442,ich,rose
qd,kmdh.0,74779,77543,rose,75464,75468,mein,rose
qd,kmdh.0,74779,77543,rose,75480,75483,mir,rose
qd,kmdh.0,74779,77543,rose,75493,75497,mich,rose
qd,kmdh.0,74779,77543,rose,75538,75542,mein,rose
qd,kmdh.0,74779,77543,rose,75682,75686,mich,rose
qd,kmdh.0,74779,77543,rose,75698,75701,ich,rose
qd,kmdh.0,74779,77543,rose,75795,75798,mir,rose
qd,kmdh.0,74779,77543,rose,75834,75839,meine,rose
qd,kmdh.0,74779,77543,rose,75872,75876,mein,rose
qd,kmdh.0,74779,77543,rose,76006,76009,mir,rose
qd,kmdh.0,74779,77543,rose,76056,76059,ich,rose
qd,kmdh.0,74779,77543,rose,76075,76078,ich,rose
qd,kmdh.0,74779,77543,rose,76133,76137,mich,rose
qd,kmdh.0,74779,77543,rose,76153,76156,ich,rose
qd,kmdh.0,74779,77543,rose,76228,76231,ich,rose
qd,kmdh.0,74779,77543,rose,76239,76244,meine,rose
qd,kmdh.0,74779,77543,rose,76315,76318,ich,rose
qd,kmdh.0,74779,77543,rose,76348,76354,meiner,rose
qd,kmdh.0,74779,77543,rose,76365,76368,ich,rose
qd,kmdh.0,74779,77543,rose,76407,76410,ich,rose
qd,kmdh.0,74779,77543,rose,76430,76433,ich,rose
qd,kmdh.0,74779,77543,rose,76474,76477,mir,rose
qd,kmdh.0,74779,77543,rose,76496,76500,mich,rose
qd,kmdh.0,74779,77543,rose,76544,76547,ich,rose
qd,kmdh.0,74779,77543,rose,76579,76582,ich,rose
qd,kmdh.0,74779,77543,rose,76612,76615,ich,rose
qd,kmdh.0,74779,77543,rose,76623,76628,meine,rose
qd,kmdh.0,74779,77543,rose,76681,76685,mein,rose
qd,kmdh.0,74779,77543,rose,76721,76724,ich,rose
qd,kmdh.0,74779,77543,rose,76911,76915,mein,rose
qd,kmdh.0,74779,77543,rose,76957,76960,mir,rose
qd,kmdh.0,74779,77543,rose,77027,77033,meines,rose
qd,kmdh.0,74779,77543,rose,77325,77329,Mein,rose
qd,kmdh.0,77617,77744,denise,77688,77691,ich,denise
qd,kmdh.0,77617,77744,denise,77722,77725,ich,denise
qd,kmdh.0,77901,77983,denise,77926,77930,Mein,denise
qd,kmdh.0,77901,77983,denise,77957,77961,mich,denise
qd,kmdh.0,77988,78100,rose,78065,78068,Ich,rose
qd,kmdh.0,77988,78100,rose,78078,78082,mich,rose
qd,kmdh.0,78105,78200,denise,78129,78132,ich,denise
qd,kmdh.0,78311,78368,rose,78318,78321,Ich,rose
qd,kmdh.0,78532,78574,rose,78550,78553,Ich,rose
qd,kmdh.0,78682,78728,rose,78709,78712,Ich,rose
qd,kmdh.0,78733,78778,denise,78770,78773,ich,denise
qd,kmdh.0,78838,79160,denise,78956,78960,mich,denise
qd,kmdh.0,78838,79160,denise,78996,79000,mich,denise
qd,kmdh.0,78838,79160,denise,79098,79101,ich,denise
qd,kmdh.0,78838,79160,denise,79102,79105,mir,denise
qd,kmdh.0,78838,79160,denise,79135,79139,mein,denise
qd,kmdh.0,79165,79378,rose,79270,79274,Mich,rose
qd,kmdh.0,79165,79378,rose,79316,79319,mir,rose
qd,kmdh.0,79924,80090,adolph,79946,79949,Ich,adolph
qd,kmdh.0,79924,80090,adolph,80039,80042,ich,adolph
qd,kmdh.0,80095,80220,denise,80118,80122,Mein,denise
qd,kmdh.0,80225,80331,adolph,80267,80270,ich,adolph
qd,kmdh.0,80225,80331,adolph,80299,80302,mir,adolph
qd,kmdh.0,80336,80380,denise,80361,80364,ich,denise
qd,kmdh.0,80441,80505,denise,80459,80462,mir,denise
qd,kmdh.0,80510,80716,adolph,80560,80563,Ich,adolph
qd,kmdh.0,80510,80716,adolph,80620,80623,mir,adolph
qd,kmdh.0,80510,80716,adolph,80695,80698,Ich,adolph
qd,kmdh.0,80812,80923,adolph,80829,80833,mich,adolph
qd,kmdh.0,80812,80923,adolph,80859,80863,mein,adolph
qd,kmdh.0,80928,81052,denise,80999,81002,ich,denise
qd,kmdh.0,81057,81181,adolph,81088,81091,ich,adolph
qd,kmdh.0,81057,81181,adolph,81108,81111,Ich,adolph
qd,kmdh.0,81186,81345,denise,81252,81256,mich,denise
qd,kmdh.0,81186,81345,denise,81329,81332,mir,denise
qd,kmdh.0,81562,82287,denise,81571,81574,Ich,denise
qd,kmdh.0,81562,82287,denise,81576,81579,Ich,denise
qd,kmdh.0,81562,82287,denise,81610,81613,ich,denise
qd,kmdh.0,81562,82287,denise,81644,81648,mein,denise
qd,kmdh.0,81562,82287,denise,81674,81677,mir,denise
qd,kmdh.0,81562,82287,denise,81728,81731,ich,denise
qd,kmdh.0,81562,82287,denise,81775,81778,ich,denise
qd,kmdh.0,81562,82287,denise,81813,81816,ich,denise
qd,kmdh.0,81562,82287,denise,81842,81847,meine,denise
qd,kmdh.0,81562,82287,denise,81892,81895,ich,denise
qd,kmdh.0,81562,82287,denise,81915,81918,ich,denise
qd,kmdh.0,81562,82287,denise,81973,81976,ich,denise
qd,kmdh.0,82338,82483,denise,82352,82355,ich,denise
qd,kmdh.0,82488,82560,adolph,82518,82521,ich,adolph
qd,kmdh.0,82565,82798,denise,82653,82656,mir,denise
qd,kmdh.0,82803,82837,adolph,82827,82830,ich,adolph
qd,kmdh.0,82842,83253,denise,82867,82871,mich,denise
qd,kmdh.0,82842,83253,denise,82884,82887,ich,denise
qd,kmdh.0,82842,83253,denise,82907,82910,ich,denise
qd,kmdh.0,82842,83253,denise,83033,83036,ich,denise
qd,kmdh.0,82842,83253,denise,83142,83145,mir,denise
qd,kmdh.0,82842,83253,denise,83210,83213,ich,denise
qd,kmdh.0,83259,83517,adolph,83352,83355,mir,adolph
qd,kmdh.0,83259,83517,adolph,83393,83397,mein,adolph
qd,kmdh.0,83259,83517,adolph,83445,83449,mein,adolph
qd,kmdh.0,83259,83517,adolph,83461,83465,mich,adolph
qd,kmdh.0,83690,83867,adolph,83818,83821,ich,adolph
qd,kmdh.0,83690,83867,adolph,83841,83844,mir,adolph
qd,kmdh.0,83986,84049,adolph,84003,84006,Ich,adolph
qd,kmdh.0,83986,84049,adolph,84013,84017,mich,adolph
qd,kmdh.0,84055,84232,charles,84087,84090,Ich,charles
qd,kmdh.0,84445,84691,charles,84532,84538,meinen,charles
qd,kmdh.0,84696,84751,adolph,84739,84743,mein,adolph
qd,kmdh.0,84927,85251,charles,84975,84978,ich,charles
qd,kmdh.0,84927,85251,charles,85067,85070,Ich,charles
qd,kmdh.0,84927,85251,charles,85111,85114,ich,charles
qd,kmdh.0,84927,85251,charles,85180,85184,mein,charles
qd,kmdh.0,85257,85440,adolph,85335,85339,mich,adolph
qd,kmdh.0,85257,85440,adolph,85365,85368,ich,adolph
qd,kmdh.0,85257,85440,adolph,85384,85387,ich,adolph
qd,kmdh.0,85257,85440,adolph,85420,85423,ich,adolph
qd,kmdh.0,85665,85726,adolph,85704,85708,mich,adolph
qd,kmdh.0,85898,86271,adolph,85922,85925,ich,adolph
qd,kmdh.0,85898,86271,adolph,85967,85970,ich,adolph
qd,kmdh.0,85898,86271,adolph,86004,86008,mein,adolph
qd,kmdh.0,85898,86271,adolph,86061,86065,mich,adolph
qd,kmdh.0,85898,86271,adolph,86213,86216,Ich,adolph
qd,kmdh.0,85898,86271,adolph,86225,86229,mein,adolph
qd,kmdh.0,85898,86271,adolph,86256,86259,ich,adolph
qd,kmdh.0,86276,86352,rose,86327,86330,mir,rose
qd,kmdh.0,86437,86488,rose,86465,86468,ich,rose
qd,kmdh.0,86493,86631,adolph,86553,86559,meines,adolph
qd,kmdh.0,86493,86631,adolph,86572,86575,ich,adolph
qd,kmdh.0,86493,86631,adolph,86602,86605,mir,adolph
qd,kmdh.0,86792,87466,rose,87350,87353,mir,rose
qd,kmdh.0,87471,88675,adolph,87534,87537,mir,adolph
qd,kmdh.0,87471,88675,adolph,87560,87563,mir,adolph
qd,kmdh.0,87471,88675,adolph,87604,87608,mich,adolph
qd,kmdh.0,87471,88675,adolph,87641,87645,mich,adolph
qd,kmdh.0,87471,88675,adolph,87852,87856,mein,adolph
qd,kmdh.0,87471,88675,adolph,87924,87927,ich,adolph
qd,kmdh.0,87471,88675,adolph,87958,87962,mich,adolph
qd,kmdh.0,87471,88675,adolph,88026,88029,ich,adolph
qd,kmdh.0,87471,88675,adolph,88075,88078,mir,adolph
qd,kmdh.0,87471,88675,adolph,88130,88133,mir,adolph
qd,kmdh.0,87471,88675,adolph,88142,88148,meiner,adolph
qd,kmdh.0,87471,88675,adolph,88257,88261,mich,adolph
qd,kmdh.0,87471,88675,adolph,88330,88333,ich,adolph
qd,kmdh.0,87471,88675,adolph,88377,88382,meine,adolph
qd,kmdh.0,87471,88675,adolph,88425,88428,mir,adolph
qd,kmdh.0,87471,88675,adolph,88595,88599,mein,adolph
qd,kmdh.0,87471,88675,adolph,88620,88624,mich,adolph
qd,kmdh.0,88680,88734,rose,88716,88719,ich,rose
qd,kmdh.0,88739,88878,adolph,88786,88791,meine,adolph
qd,kmdh.0,88883,89032,rose,89008,89011,ich,rose
qd,kmdh.0,89037,89274,adolph,89060,89063,Ich,adolph
qd,kmdh.0,89037,89274,adolph,89079,89082,ich,adolph
qd,kmdh.0,89037,89274,adolph,89095,89099,mich,adolph
qd,kmdh.0,89037,89274,adolph,89121,89125,mich,adolph
qd,kmdh.0,89037,89274,adolph,89221,89227,meines,adolph
qd,kmdh.0,89037,89274,adolph,89245,89248,mir,adolph
qd,kmdh.0,89279,89470,rose,89361,89364,ich,rose
qd,kmdh.0,89279,89470,rose,89391,89394,ich,rose
qd,kmdh.0,89279,89470,rose,89425,89430,meine,rose
qd,kmdh.0,89279,89470,rose,89455,89458,ich,rose
qd,kmdh.0,89619,89732,rose,89640,89643,Ich,rose
qd,kmdh.0,89619,89732,rose,89650,89654,mich,rose
qd,kmdh.0,89619,89732,rose,89698,89702,mein,rose
qd,kmdh.0,89995,90573,adolph,90207,90211,mich,adolph
qd,kmdh.0,89995,90573,adolph,90241,90244,mir,adolph
qd,kmdh.0,89995,90573,adolph,90262,90265,ich,adolph
qd,kmdh.0,89995,90573,adolph,90425,90429,mich,adolph
qd,kmdh.0,89995,90573,adolph,90456,90460,mich,adolph
qd,kmdh.0,89995,90573,adolph,90483,90487,mich,adolph
qd,kmdh.0,89995,90573,adolph,90488,90494,meinem,adolph
qd,kmdh.0,89995,90573,adolph,90518,90522,mich,adolph
qd,kmdh.0,90578,90620,rose,90610,90614,mein,rose
qd,kmdh.0,90680,91047,denise,90794,90797,ich,denise
qd,kmdh.0,90680,91047,denise,90833,90836,ich,denise
qd,kmdh.0,90680,91047,denise,90880,90883,ich,denise
qd,kmdh.0,90680,91047,denise,91007,91010,ich,denise
qd,kmdh.0,91052,91192,adolph,91061,91065,Mein,adolph
qd,kmdh.0,91052,91192,adolph,91188,91191,mir,adolph
qd,kmdh.0,91197,91287,charles,91222,91225,Ich,charles
qd,kmdh.0,91197,91287,charles,91243,91248,meine,charles
qd,kmdh.0,91614,91860,rose,91837,91841,mich,rose
qd,kmdh.0,91865,92091,dore,91949,91953,mich,dore
qd,kmdh.0,92239,92582,dore,92381,92384,Ich,dore
qd,kmdh.0,92239,92582,dore,92481,92485,mich,dore
qd,kmdh.0,92239,92582,dore,92523,92526,ich,dore
qd,kmdh.0,92239,92582,dore,92555,92558,mir,dore
qd,kmdh.0,92645,92924,dore,92695,92699,mich,dore
qd,kmdh.0,92645,92924,dore,92858,92861,ich,dore
qd,kmdh.0,92980,93451,dore,93103,93106,mir,dore
qd,kmdh.0,92980,93451,dore,93133,93136,ich,dore
qd,kmdh.0,92980,93451,dore,93225,93231,meinen,dore
qd,kmdh.0,92980,93451,dore,93248,93252,Mein,dore
qd,kmdh.0,92980,93451,dore,93305,93308,mir,dore
qd,kmdh.0,93456,93972,rose,93527,93530,ich,rose
qd,kmdh.0,93456,93972,rose,93586,93589,ich,rose
qd,kmdh.0,93456,93972,rose,93732,93738,meines,rose
qd,kmdh.0,93456,93972,rose,93756,93759,ich,rose
qd,kmdh.0,93456,93972,rose,93784,93787,ich,rose
qd,kmdh.0,93456,93972,rose,93830,93833,ich,rose
qd,kmdh.0,93456,93972,rose,93861,93864,ich,rose
qd,kmdh.0,93456,93972,rose,93959,93962,Ich,rose
qd,kmdh.0,93977,94623,dore,93997,94000,ich,dore
qd,kmdh.0,93977,94623,dore,94030,94034,mich,dore
qd,kmdh.0,93977,94623,dore,94227,94230,Ich,dore
qd,kmdh.0,93977,94623,dore,94297,94301,mich,dore
qd,kmdh.0,93977,94623,dore,94333,94336,Ich,dore
qd,kmdh.0,93977,94623,dore,94361,94365,mich,dore
qd,kmdh.0,93977,94623,dore,94425,94430,meine,dore
qd,kmdh.0,93977,94623,dore,94480,94483,ich,dore
qd,kmdh.0,93977,94623,dore,94492,94496,mein,dore
qd,kmdh.0,93977,94623,dore,94528,94531,mir,dore
qd,kmdh.0,93977,94623,dore,94555,94558,ich,dore
qd,kmdh.0,93977,94623,dore,94602,94605,ich,dore
qd,kmdh.0,94687,94802,dore,94721,94724,mir,dore
qd,kmdh.0,94687,94802,dore,94733,94736,Ich,dore
qd,kmdh.0,94994,95441,rose,95141,95145,mich,rose
qd,kmdh.0,94994,95441,rose,95223,95227,mich,rose
qd,kmdh.0,94994,95441,rose,95251,95255,mich,rose
qd,kmdh.0,94994,95441,rose,95326,95329,mir,rose
qd,kmdh.0,95717,95774,adolph,95769,95773,mich,adolph
qd,kmdh.0,95779,95813,rose,95800,95804,mein,rose
qd,kmdh.0,95979,96080,adolph,96059,96062,ich,adolph
qd,kmdh.0,96497,97508,veit,96804,96808,mein,veit
qd,kmdh.0,96497,97508,veit,96842,96845,ich,veit
qd,kmdh.0,96497,97508,veit,96917,96920,ich,veit
qd,kmdh.0,96497,97508,veit,96989,96992,mir,veit
qd,kmdh.0,97639,97676,gertrud,97657,97660,Ich,gertrud
qd,kmdh.0,98032,98243,gertrud,98058,98061,Ich,gertrud
qd,kmdh.0,98375,98511,veit,98407,98410,mir,veit
qd,kmdh.0,98849,99165,veit,99154,99158,mein,veit
qd,kmdh.0,99712,100020,gertrud,99722,99725,Ich,gertrud
qd,kmdh.0,100144,100374,gertrud,100285,100288,mir,gertrud
qd,kmdh.0,100379,100420,veit,100409,100412,ich,veit
qd,kmdh.0,100425,100639,gertrud,100461,100464,ich,gertrud
qd,kmdh.0,100425,100639,gertrud,100615,100618,ich,gertrud
qd,kmdh.0,100782,101465,veit,101096,101099,mir,veit
qd,kmdh.0,100782,101465,veit,101159,101162,mir,veit
qd,kmdh.0,100782,101465,veit,101182,101185,ich,veit
qd,kmdh.0,100782,101465,veit,101256,101260,mich,veit
qd,kmdh.0,100782,101465,veit,101315,101318,ich,veit
qd,kmdh.0,100782,101465,veit,101344,101347,mir,veit
qd,kmdh.0,100782,101465,veit,101383,101386,mir,veit
qd,kmdh.0,100782,101465,veit,101413,101416,ich,veit
qd,kmdh.0,101470,101926,gertrud,101535,101538,Ich,gertrud
qd,kmdh.0,101470,101926,gertrud,101543,101547,mich,gertrud
qd,kmdh.0,101470,101926,gertrud,101691,101694,mir,gertrud
qd,kmdh.0,101931,102193,veit,101952,101955,mir,veit
qd,kmdh.0,101931,102193,veit,101998,102002,mich,veit
qd,kmdh.0,102198,103073,gertrud,102269,102273,mich,gertrud
qd,kmdh.0,102198,103073,gertrud,102329,102332,ich,gertrud
qd,kmdh.0,102198,103073,gertrud,102417,102421,mich,gertrud
qd,kmdh.0,102198,103073,gertrud,102437,102440,ich,gertrud
qd,kmdh.0,103484,103631,dore,103544,103547,mir,dore
qd,kmdh.0,103792,104072,veit,103822,103825,ich,veit
qd,kmdh.0,104503,104634,veit,104523,104526,mir,veit
qd,kmdh.0,104503,104634,veit,104544,104547,ich,veit
qd,kmdh.0,104503,104634,veit,104606,104609,mir,veit
qd,kmdh.0,105152,105349,dore,105211,105214,Ich,dore
qd,kmdh.0,105152,105349,dore,105265,105268,ich,dore
qd,kmdh.0,105388,105504,dore,105399,105402,ich,dore
qd,kmdh.0,105509,105550,veit,105546,105549,mir,veit
qd,kmdh.0,106068,106253,veit,106100,106103,mir,veit
qd,kmdh.0,106068,106253,veit,106118,106121,ich,veit
qd,kmdh.0,106068,106253,veit,106166,106169,mir,veit
qd,kmdh.0,106258,106600,gertrud,106302,106305,ich,gertrud
qd,kmdh.0,106605,106699,veit,106633,106636,ich,veit
qd,kmdh.0,106704,107257,gertrud,106730,106733,ich,gertrud
qd,kmdh.0,107262,107411,veit,107288,107291,mir,veit
qd,kmdh.0,107262,107411,veit,107361,107364,ich,veit
qd,kmdh.0,107262,107411,veit,107379,107382,ich,veit
qd,kmdh.0,107732,108159,rose,108001,108004,mir,rose
qd,kmdh.0,107732,108159,rose,108107,108110,ich,rose
qd,kmdh.0,108266,108381,rose,108284,108287,Ich,rose
qd,kmdh.0,108266,108381,rose,108295,108299,mich,rose
qd,kmdh.0,108266,108381,rose,108306,108309,ich,rose
qd,kmdh.0,108266,108381,rose,108315,108318,mir,rose
qd,kmdh.0,108493,108638,gertrud,108503,108506,Ich,gertrud
qd,kmdh.0,108493,108638,gertrud,108507,108511,mein,gertrud
qd,kmdh.0,108644,108827,rose,108778,108781,ich,rose
qd,kmdh.0,109141,109266,rose,109190,109193,ich,rose
qd,kmdh.0,109271,109350,gertrud,109318,109321,ich,gertrud
qd,kmdh.0,109355,109709,rose,109424,109427,mir,rose
qd,kmdh.0,109355,109709,rose,109458,109461,ich,rose
qd,kmdh.0,109355,109709,rose,109467,109471,mich,rose
qd,kmdh.0,109355,109709,rose,109477,109480,ich,rose
qd,kmdh.0,109355,109709,rose,109552,109555,ich,rose
qd,kmdh.0,109355,109709,rose,109666,109670,mich,rose
qd,kmdh.0,109955,110071,dore,110026,110029,mir,dore
qd,kmdh.0,110378,110455,dore,110392,110395,Ich,dore
qd,kmdh.0,110378,110455,dore,110414,110417,ich,dore
qd,kmdh.0,110546,110790,dore,110560,110563,Ich,dore
qd,kmdh.0,110795,110918,gertrud,110877,110881,Mein,gertrud
qd,kmdh.0,110795,110918,gertrud,110894,110897,mir,gertrud
qd,kmdh.0,110923,111121,veit,110969,110972,mir,veit
qd,kmdh.0,110923,111121,veit,111019,111022,ich,veit
qd,kmdh.0,111126,111169,rose,111157,111161,mich,rose
qd,kmdh.0,111285,111349,rose,111312,111315,ich,rose
qd,kmdh.0,111746,112156,gertrud,111801,111804,mir,gertrud
qd,kmdh.0,111746,112156,gertrud,111977,111980,ich,gertrud
qd,kmdh.0,111746,112156,gertrud,112099,112102,ich,gertrud
qd,kmdh.0,112162,112272,veit,112216,112219,ich,veit
qd,kmdh.0,112577,112895,rose,112766,112769,ich,rose
qd,kmdh.0,112577,112895,rose,112832,112836,mich,rose
qd,kmdh.0,112577,112895,rose,112860,112863,ich,rose
qd,kmdh.0,112996,113482,rose,113032,113035,Ich,rose
qd,kmdh.0,112996,113482,rose,113042,113045,Ich,rose
qd,kmdh.0,112996,113482,rose,113065,113069,mich,rose
qd,kmdh.0,112996,113482,rose,113257,113260,ich,rose
qd,kmdh.0,112996,113482,rose,113327,113331,mich,rose
qd,kmdh.0,112996,113482,rose,113337,113340,ich,rose
qd,kmdh.0,112996,113482,rose,113403,113407,mein,rose
qd,kmdh.0,112996,113482,rose,113444,113449,meine,rose
qd,kmdh.0,112996,113482,rose,113476,113479,mir,rose
qd,kmdh.0,113487,113590,dore,113573,113576,mir,dore
qd,kmdh.0,113595,113651,rose,113611,113614,Ich,rose
qd,kmdh.0,113762,114036,rose,113833,113838,meine,rose
qd,kmdh.0,113762,114036,rose,113917,113920,ich,rose
qd,kmdh.0,113762,114036,rose,113957,113960,ich,rose
qd,kmdh.0,113762,114036,rose,113965,113971,meinen,rose
qd,kmdh.0,113762,114036,rose,114010,114014,mich,rose
qd,kmdh.0,114041,114057,dore,114052,114056,mich,dore
qd,kmdh.0,114062,114306,rose,114116,114119,mir,rose
qd,kmdh.0,114062,114306,rose,114195,114198,ich,rose
qd,kmdh.0,114062,114306,rose,114235,114238,Ich,rose
qd,kmdh.0,114311,114379,dore,114318,114321,Ich,dore
qd,kmdh.0,114493,114639,bastian,114524,114527,Ich,bastian
qd,kmdh.0,114493,114639,bastian,114617,114620,ich,bastian
qd,kmdh.0,114864,115098,bastian,114916,114919,Ich,bastian
qd,kmdh.0,114864,115098,bastian,114935,114938,ich,bastian
qd,kmdh.0,115639,116039,bastian,115671,115675,Mein,bastian
qd,kmdh.0,115639,116039,bastian,115987,115990,ich,bastian
qd,kmdh.0,115639,116039,bastian,116006,116009,ich,bastian
qd,kmdh.0,116104,116260,bastian,116202,116205,ich,bastian
qd,kmdh.0,116421,116465,rose,116456,116459,ich,rose
qd,kmdh.0,116470,116698,bastian,116600,116603,mir,bastian
qd,kmdh.0,116703,116792,rose,116732,116735,ich,rose
qd,kmdh.0,116703,116792,rose,116752,116755,Ich,rose
qd,kmdh.0,116703,116792,rose,116778,116781,mir,rose
qd,kmdh.0,117530,117587,rose,117545,117551,meiner,rose
qd,kmdh.0,117530,117587,rose,117570,117573,ich,rose
qd,kmdh.0,117641,117775,rose,117657,117660,Ich,rose
qd,kmdh.0,117641,117775,rose,117724,117727,Ich,rose
qd,kmdh.0,118547,118601,rose,118565,118568,Ich,rose
qd,kmdh.0,118547,118601,rose,118570,118573,Ich,rose
qd,kmdh.0,118547,118601,rose,118597,118600,mir,rose
qd,kmdh.0,118606,118767,dore,118664,118668,mich,dore
qd,kmdh.0,118606,118767,dore,118747,118750,ich,dore
qd,kmdh.0,118772,118896,rose,118804,118807,Ich,rose
qd,kmdh.0,118772,118896,rose,118873,118876,ich,rose
qd,kmdh.0,118901,118938,gertrud,118911,118914,Ich,gertrud
qd,kmdh.0,119251,119281,rose,119261,119265,mich,rose
qd,kmdh.0,120016,120089,dore,120039,120043,mich,dore
qd,kmdh.0,120016,120089,dore,120056,120059,ich,dore
qd,kmdh.0,120016,120089,dore,120072,120075,ich,dore
qd,kmdh.0,120094,120122,gertrud,120106,120110,mein,gertrud
qd,kmdh.0,120127,120270,lisbeth,120159,120162,Ich,lisbeth
qd,kmdh.0,120127,120270,lisbeth,120221,120224,ich,lisbeth
qd,kmdh.0,120127,120270,lisbeth,120247,120252,meine,lisbeth
qd,kmdh.0,120353,120417,rose,120382,120386,mich,rose
qd,kmdh.0,120353,120417,rose,120398,120401,ich,rose
qd,kmdh.0,120488,120757,steffen,120606,120609,Ich,steffen
qd,kmdh.0,120488,120757,steffen,120702,120705,mir,steffen
qd,kmdh.0,120762,120911,lisbeth,120772,120775,Ich,lisbeth
qd,kmdh.0,120916,121070,steffen,120941,120944,Mir,steffen
qd,kmdh.0,120916,121070,steffen,120965,120968,mir,steffen
qd,kmdh.0,120916,121070,steffen,120987,120990,ich,steffen
qd,kmdh.0,120916,121070,steffen,120995,120999,mein,steffen
qd,kmdh.0,120916,121070,steffen,121026,121029,mir,steffen
qd,kmdh.0,121075,121142,gertrud,121123,121126,mir,gertrud
qd,kmdh.0,121147,121322,steffen,121193,121196,mir,steffen
qd,kmdh.0,121147,121322,steffen,121268,121271,ich,steffen
qd,kmdh.0,121147,121322,steffen,121299,121303,mich,steffen
qd,kmdh.0,121624,121893,steffen,121680,121683,Ich,steffen
qd,kmdh.0,121624,121893,steffen,121751,121755,mich,steffen
qd,kmdh.0,121624,121893,steffen,121785,121788,ich,steffen
qd,kmdh.0,121624,121893,steffen,121789,121793,mich,steffen
qd,kmdh.0,121624,121893,steffen,121845,121848,Ich,steffen
qd,kmdh.0,121624,121893,steffen,121849,121853,mein,steffen
qd,kmdh.0,121624,121893,steffen,121855,121858,ich,steffen
qd,kmdh.0,121624,121893,steffen,121882,121885,ich,steffen
qd,kmdh.0,121899,122646,dore,122022,122025,mir,dore
qd,kmdh.0,121899,122646,dore,122043,122047,mich,dore
qd,kmdh.0,121899,122646,dore,122083,122086,Ich,dore
qd,kmdh.0,121899,122646,dore,122258,122261,Ich,dore
qd,kmdh.0,121899,122646,dore,122298,122301,ich,dore
qd,kmdh.0,121899,122646,dore,122346,122349,mir,dore
qd,kmdh.0,121899,122646,dore,122371,122374,ich,dore
qd,kmdh.0,121899,122646,dore,122554,122558,mich,dore
qd,kmdh.0,121899,122646,dore,122615,122618,ich,dore
qd,kmdh.0,122651,123157,steffen,122849,122852,mir,steffen
qd,kmdh.0,122651,123157,steffen,122894,122897,mir,steffen
qd,kmdh.0,122651,123157,steffen,122960,122963,ich,steffen
qd,kmdh.0,122651,123157,steffen,123072,123075,mir,steffen
qd,kmdh.0,122651,123157,steffen,123092,123095,ich,steffen
qd,kmdh.0,123162,123492,dore,123179,123183,mich,dore
qd,kmdh.0,123162,123492,dore,123210,123213,ich,dore
qd,kmdh.0,123162,123492,dore,123269,123272,ich,dore
qd,kmdh.0,123162,123492,dore,123327,123331,mich,dore
qd,kmdh.0,123162,123492,dore,123391,123394,mir,dore
qd,kmdh.0,123162,123492,dore,123467,123471,mich,dore
qd,kmdh.0,123497,123906,steffen,123538,123541,Ich,steffen
qd,kmdh.0,123497,123906,steffen,123547,123551,mich,steffen
qd,kmdh.0,123497,123906,steffen,123595,123598,ich,steffen
qd,kmdh.0,123497,123906,steffen,123638,123641,ich,steffen
qd,kmdh.0,123497,123906,steffen,123666,123670,mein,steffen
qd,kmdh.0,123497,123906,steffen,123687,123690,Ich,steffen
qd,kmdh.0,123497,123906,steffen,123801,123804,ich,steffen
qd,kmdh.0,123497,123906,steffen,123885,123888,ich,steffen
qd,kmdh.0,124641,124739,dore,124671,124674,ich,dore
qd,kmdh.0,124641,124739,dore,124705,124708,ich,dore
qd,kmdh.0,124641,124739,dore,124721,124724,mir,dore
qd,kmdh.0,124744,125291,steffen,124762,124765,ich,steffen
qd,kmdh.0,124744,125291,steffen,124796,124799,ich,steffen
qd,kmdh.0,124744,125291,steffen,124890,124893,ich,steffen
qd,kmdh.0,124744,125291,steffen,124921,124924,ich,steffen
qd,kmdh.0,124744,125291,steffen,124944,124947,ich,steffen
qd,kmdh.0,124744,125291,steffen,124992,124995,ich,steffen
qd,kmdh.0,124744,125291,steffen,125011,125015,mich,steffen
qd,kmdh.0,125296,125665,rose,125588,125591,ich,rose
qd,kmdh.0,125830,126301,rose,125863,125866,ich,rose
qd,kmdh.0,125830,126301,rose,125891,125894,ich,rose
qd,kmdh.0,125830,126301,rose,125927,125930,mir,rose
qd,kmdh.0,125830,126301,rose,125979,125983,mein,rose
qd,kmdh.0,125830,126301,rose,126012,126016,mein,rose
qd,kmdh.0,125830,126301,rose,126072,126076,mich,rose
qd,kmdh.0,125830,126301,rose,126079,126082,ich,rose
qd,kmdh.0,125830,126301,rose,126106,126109,ich,rose
qd,kmdh.0,125830,126301,rose,126267,126271,mich,rose
qd,kmdh.0,126306,126377,dore,126339,126342,mir,dore
qd,kmdh.0,126306,126377,dore,126357,126361,mein,dore
qd,kmdh.0,126382,126812,rose,126437,126442,meine,rose
qd,kmdh.0,126382,126812,rose,126455,126458,mir,rose
qd,kmdh.0,126382,126812,rose,126496,126499,ich,rose
qd,kmdh.0,126817,126946,steffen,126932,126935,mir,steffen
qd,kmdh.0,127303,127421,steffen,127338,127341,Ich,steffen
qd,kmdh.0,127427,127759,rose,127515,127518,ich,rose
qd,kmdh.0,127427,127759,rose,127551,127554,ich,rose
qd,kmdh.0,127427,127759,rose,127571,127574,ich,rose
qd,kmdh.0,127427,127759,rose,127627,127633,meiner,rose
qd,kmdh.0,127427,127759,rose,127681,127685,mich,rose
qd,kmdh.0,128163,128270,gertrud,128254,128257,mir,gertrud
qd,kmdh.0,128275,128420,veit,128300,128303,ich,veit
qd,kmdh.0,128275,128420,veit,128334,128337,mir,veit
qd,kmdh.0,128275,128420,veit,128401,128404,ich,veit
qd,kmdh.0,128780,129098,veit,128802,128805,mir,veit
qd,kmdh.0,128780,129098,veit,128940,128943,mir,veit
qd,kmdh.0,129204,129517,veit,129267,129270,Ich,veit
qd,kmdh.0,129838,130189,veit,129850,129853,ich,veit
qd,kmdh.0,129838,130189,veit,129872,129875,ich,veit
qd,kmdh.0,129838,130189,veit,129934,129937,mir,veit
qd,kmdh.0,129838,130189,veit,130068,130071,mir,veit
qd,kmdh.0,130194,130373,dore,130286,130292,meiner,dore
qd,kmdh.0,130378,130730,veit,130394,130397,mir,veit
qd,kmdh.0,130378,130730,veit,130635,130639,mein,veit
qd,kmdh.0,130956,131266,dore,131199,131202,ich,dore
qd,kmdh.0,130956,131266,dore,131258,131261,ich,dore
qd,kmdh.0,131553,131934,dore,131635,131638,ich,dore
qd,kmdh.0,131553,131934,dore,131695,131698,ich,dore
qd,kmdh.0,132058,132384,graf,132233,132236,mir,graf
qd,kmdh.0,132470,133580,graf,132486,132489,Ich,graf
qd,kmdh.0,132470,133580,graf,132867,132870,ich,graf
qd,kmdh.0,132470,133580,graf,132916,132919,ich,graf
qd,kmdh.0,132470,133580,graf,132989,132992,ich,graf
qd,kmdh.0,132470,133580,graf,133036,133039,mir,graf
qd,kmdh.0,132470,133580,graf,133176,133180,mich,graf
qd,kmdh.0,132470,133580,graf,133217,133220,mir,graf
qd,kmdh.0,132470,133580,graf,133264,133267,Ich,graf
qd,kmdh.0,132470,133580,graf,133377,133380,ich,graf
qd,kmdh.0,132470,133580,graf,133452,133456,mich,graf
qd,kmdh.0,132470,133580,graf,133516,133519,ich,graf
qd,kmdh.0,133867,133977,graf,133897,133901,mein,graf
qd,kmdh.0,133867,133977,graf,133956,133960,mich,graf
qd,kmdh.0,133982,134056,rose,134031,134037,meinen,rose
qd,kmdh.0,134061,134441,graf,134077,134080,mir,graf
qd,kmdh.0,134061,134441,graf,134090,134093,ich,graf
qd,kmdh.0,134061,134441,graf,134120,134123,ich,graf
qd,kmdh.0,134061,134441,graf,134146,134152,meines,graf
qd,kmdh.0,134061,134441,graf,134229,134232,ich,graf
qd,kmdh.0,134061,134441,graf,134344,134348,mein,graf
qd,kmdh.0,134446,134555,rose,134458,134461,ich,rose
qd,kmdh.0,134446,134555,rose,134518,134521,ich,rose
qd,kmdh.0,134560,134728,graf,134576,134579,ich,graf
qd,kmdh.0,134560,134728,graf,134664,134667,mir,graf
qd,kmdh.0,134778,135017,graf,134815,134818,Ich,graf
qd,kmdh.0,135022,135144,rose,135029,135032,Ich,rose
qd,kmdh.0,135022,135144,rose,135075,135079,mich,rose
qd,kmdh.0,135022,135144,rose,135133,135136,mir,rose
qd,kmdh.0,135149,135424,graf,135358,135364,meinem,graf
qd,kmdh.0,135430,135584,rose,135492,135495,Ich,rose
qd,kmdh.0,135430,135584,rose,135529,135532,ich,rose
qd,kmdh.0,135589,135663,graf,135606,135611,Meine,graf
qd,kmdh.0,135711,135805,graf,135779,135782,Ich,graf
qd,kmdh.0,135810,135928,rose,135866,135869,mir,rose
qd,kmdh.0,135810,135928,rose,135886,135889,ich,rose
qd,kmdh.0,135933,136074,graf,135991,135996,meine,graf
qd,kmdh.0,136079,136266,rose,136114,136117,Ich,rose
qd,kmdh.0,136079,136266,rose,136206,136209,Ich,rose
qd,kmdh.0,136271,136604,graf,136311,136314,mir,graf
qd,kmdh.0,136271,136604,graf,136351,136354,Ich,graf
qd,kmdh.0,136271,136604,graf,136439,136445,meines,graf
qd,kmdh.0,136271,136604,graf,136479,136483,mich,graf
qd,kmdh.0,136271,136604,graf,136516,136519,mir,graf
qd,kmdh.0,136610,136780,rose,136626,136629,Ich,rose
qd,kmdh.0,136610,136780,rose,136680,136684,mich,rose
qd,kmdh.0,136610,136780,rose,136732,136736,mich,rose
qd,kmdh.0,136996,137182,denise,137135,137140,Meine,denise
qd,kmdh.0,136996,137182,denise,137161,137164,Ich,denise
qd,kmdh.0,137187,137299,rose,137194,137199,Meine,rose
qd,kmdh.0,137187,137299,rose,137223,137226,ich,rose
qd,kmdh.0,137187,137299,rose,137240,137244,mich,rose
qd,kmdh.0,137304,137514,denise,137381,137386,meine,denise
qd,kmdh.0,137304,137514,denise,137407,137410,ich,denise
qd,kmdh.0,137304,137514,denise,137462,137465,ich,denise
qd,kmdh.0,137519,137578,rose,137537,137540,Ich,rose
qd,kmdh.0,137583,137819,denise,137685,137688,Ich,denise
qd,kmdh.0,137583,137819,denise,137805,137809,mich,denise
qd,kmdh.0,137824,137879,rose,137864,137867,mir,rose
qd,kmdh.0,137884,138100,denise,137931,137934,ich,denise
qd,kmdh.0,138415,138440,rose,138422,138427,Meine,rose
qd,kmdh.0,138445,138800,denise,138479,138482,ich,denise
qd,kmdh.0,138445,138800,denise,138687,138690,ich,denise
qd,kmdh.0,138445,138800,denise,138697,138701,mich,denise
qd,kmdh.0,138805,138920,rose,138847,138850,mir,rose
qd,kmdh.0,138805,138920,rose,138907,138911,mich,rose
qd,kmdh.0,139384,139449,denise,139404,139407,ich,denise
qd,kmdh.0,139384,139449,denise,139435,139438,ich,denise
qd,kmdh.0,139479,139541,denise,139504,139507,Ich,denise
qd,kmdh.0,139626,139944,denise,139776,139780,mich,denise
qd,kmdh.0,139626,139944,denise,139910,139913,ich,denise
qd,kmdh.0,140022,140091,denise,140031,140034,Ich,denise
qd,kmdh.0,140096,140148,rose,140134,140137,ich,rose
qd,kmdh.0,140189,140277,rose,140201,140204,ich,rose
qd,kmdh.0,140347,140399,rose,140394,140398,mich,rose
qd,kmdh.0,140404,140786,denise,140431,140434,ich,denise
qd,kmdh.0,140404,140786,denise,140665,140668,Ich,denise
qd,kmdh.0,140404,140786,denise,140710,140713,ich,denise
qd,kmdh.0,140404,140786,denise,140739,140742,mir,denise
qd,kmdh.0,140404,140786,denise,140745,140748,ich,denise
qd,kmdh.0,140865,141036,denise,140900,140903,ich,denise
qd,kmdh.0,140865,141036,denise,140930,140933,ich,denise
qd,kmdh.0,141176,141356,rose,141289,141293,mein,rose
qd,kmdh.0,141176,141356,rose,141346,141350,Mein,rose
qd,kmdh.0,141542,141891,adolph,141579,141583,mich,adolph
qd,kmdh.0,141542,141891,adolph,141652,141656,mich,adolph
qd,kmdh.0,141542,141891,adolph,141665,141669,mich,adolph
qd,kmdh.0,141542,141891,adolph,141674,141677,ich,adolph
qd,kmdh.0,142002,142764,adolph,142143,142146,ich,adolph
qd,kmdh.0,142002,142764,adolph,142170,142173,Ich,adolph
qd,kmdh.0,142002,142764,adolph,142232,142235,mir,adolph
qd,kmdh.0,142002,142764,adolph,142264,142268,mich,adolph
qd,kmdh.0,142002,142764,adolph,142289,142292,mir,adolph
qd,kmdh.0,142002,142764,adolph,142319,142325,meinen,adolph
qd,kmdh.0,142002,142764,adolph,142381,142384,ich,adolph
qd,kmdh.0,142002,142764,adolph,142396,142400,mein,adolph
qd,kmdh.0,142002,142764,adolph,142428,142431,ich,adolph
qd,kmdh.0,142002,142764,adolph,142461,142464,Ich,adolph
qd,kmdh.0,142002,142764,adolph,142548,142552,mich,adolph
qd,kmdh.0,142002,142764,adolph,142583,142587,mich,adolph
qd,kmdh.0,142002,142764,adolph,142633,142636,ich,adolph
qd,kmdh.0,142002,142764,adolph,142698,142704,meines,adolph
qd,kmdh.0,142002,142764,adolph,142744,142749,meine,adolph
qd,kmdh.0,142769,142933,rose,142821,142824,ich,rose
qd,kmdh.0,142769,142933,rose,142861,142864,ich,rose
qd,kmdh.0,143544,143649,rose,143601,143605,Mein,rose
qd,kmdh.0,143853,143942,veit,143925,143929,mein,veit
qd,kmdh.0,143947,144009,adolph,143967,143970,Ich,adolph
qd,kmdh.0,144375,144453,rose,144407,144410,ich,rose
qd,kmdh.0,144630,144792,veit,144661,144664,Ich,veit
qd,kmdh.0,144630,144792,veit,144702,144705,ich,veit
qd,kmdh.0,144630,144792,veit,144745,144748,Ich,veit
qd,kmdh.0,144837,144874,dore,144857,144860,Ich,dore
qd,kmdh.0,144921,145002,adolph,144973,144976,mir,adolph
qd,kmdh.0,145007,145132,veit,145044,145047,ich,veit
qd,kmdh.0,145137,145189,rose,145172,145175,Ich,rose
qd,kmdh.0,145194,145493,veit,145201,145204,Ich,veit
qd,kmdh.0,145194,145493,veit,145406,145409,mir,veit
qd,kmdh.0,145194,145493,veit,145442,145445,ich,veit
qd,kmdh.0,145194,145493,veit,145474,145478,mein,veit
qd,kmdh.0,145498,145673,adolph,145621,145626,Meine,adolph
qd,kmdh.0,145746,145822,veit,145800,145806,meinen,veit
qd,kmdh.0,145827,146254,rose,145900,145903,ich,rose
qd,kmdh.0,145827,146254,rose,145920,145925,meine,rose
qd,kmdh.0,145827,146254,rose,145932,145936,mein,rose
qd,kmdh.0,145827,146254,rose,145945,145950,meine,rose
qd,kmdh.0,145827,146254,rose,146007,146010,ich,rose
qd,kmdh.0,145827,146254,rose,146039,146043,mein,rose
qd,kmdh.0,145827,146254,rose,146073,146076,ich,rose
qd,kmdh.0,145827,146254,rose,146095,146098,mir,rose
qd,kmdh.0,145827,146254,rose,146099,146103,mein,rose
qd,kmdh.0,145827,146254,rose,146147,146151,mich,rose
qd,kmdh.0,145827,146254,rose,146178,146181,ich,rose
qd,kmdh.0,145827,146254,rose,146219,146225,meinem,rose
qd,kmdh.0,146359,146547,rose,146384,146387,ich,rose
qd,kmdh.0,146359,146547,rose,146407,146410,ich,rose
qd,kmdh.0,146359,146547,rose,146478,146481,ich,rose
qd,kmdh.0,146359,146547,rose,146519,146522,Ich,rose
qd,kmdh.0,146807,147632,rose,146897,146901,mich,rose
qd,kmdh.0,146807,147632,rose,146915,146918,mir,rose
qd,kmdh.0,146807,147632,rose,146958,146961,ich,rose
qd,kmdh.0,146807,147632,rose,147010,147013,mir,rose
qd,kmdh.0,146807,147632,rose,147035,147038,ich,rose
qd,kmdh.0,146807,147632,rose,147111,147115,mich,rose
qd,kmdh.0,146807,147632,rose,147134,147138,mich,rose
qd,kmdh.0,146807,147632,rose,147192,147195,mir,rose
qd,kmdh.0,146807,147632,rose,147210,147214,mich,rose
qd,kmdh.0,146807,147632,rose,147240,147246,meinen,rose
qd,kmdh.0,146807,147632,rose,147273,147277,mich,rose
qd,kmdh.0,146807,147632,rose,147314,147317,ich,rose
qd,kmdh.0,146807,147632,rose,147336,147339,mir,rose
qd,kmdh.0,146807,147632,rose,147388,147391,ich,rose
qd,kmdh.0,146807,147632,rose,147470,147474,mich,rose
qd,kmdh.0,146807,147632,rose,147517,147520,mir,rose
qd,kmdh.0,146807,147632,rose,147550,147553,mir,rose
qd,kmdh.0,146807,147632,rose,147582,147585,mir,rose
qd,kmdh.0,147906,148555,gertrud,148420,148423,ich,gertrud
qd,kmdh.0,147906,148555,gertrud,148443,148447,mein,gertrud
qd,kmdh.0,147906,148555,gertrud,148459,148462,ich,gertrud
qd,kmdh.0,147906,148555,gertrud,148475,148478,ich,gertrud
qd,kmdh.0,147906,148555,gertrud,148517,148520,ich,gertrud
qd,kmdh.0,148560,148750,veit,148651,148654,ich,veit
qd,kmdh.0,148560,148750,veit,148726,148729,ich,veit
qd,kmdh.0,148755,148894,steffen,148882,148886,mich,steffen
qd,kmdh.0,149075,149274,graf,149202,149205,ich,graf
qd,kmdh.0,149434,149657,adolph,149505,149509,mich,adolph
qd,kmdh.0,149434,149657,adolph,149552,149555,ich,adolph
qd,kmdh.0,149434,149657,adolph,149624,149629,meine,adolph
qd,kmdh.0,149662,150020,graf,149846,149849,mir,graf
qd,kmdh.0,150025,150161,adolph,150034,150037,Ich,adolph
qd,kmdh.0,150025,150161,adolph,150062,150065,ich,adolph
qd,kmdh.0,150025,150161,adolph,150106,150112,meinem,adolph
qd,kmdh.0,150166,150373,graf,150230,150235,meine,graf
qd,kmdh.0,150378,150548,adolph,150394,150397,Ich,adolph
qd,kmdh.0,150378,150548,adolph,150432,150437,meine,adolph
qd,kmdh.0,150378,150548,adolph,150497,150500,ich,adolph
qd,kmdh.0,150583,150719,adolph,150592,150597,Meine,adolph
qd,kmdh.0,150583,150719,adolph,150611,150614,ich,adolph
qd,kmdh.0,150583,150719,adolph,150649,150652,mir,adolph
qd,kmdh.0,150583,150719,adolph,150692,150695,ich,adolph
qd,kmdh.0,150583,150719,adolph,150699,150705,meinem,adolph
qd,kmdh.0,150774,150866,adolph,150801,150806,meine,adolph
qd,kmdh.0,150774,150866,adolph,150854,150857,mir,adolph
qd,kmdh.0,150935,151003,adolph,150944,150947,Ich,adolph
qd,kmdh.0,150935,151003,adolph,150971,150974,mir,adolph
qd,kmdh.0,151194,151524,graf,151288,151291,mir,graf
qd,kmdh.0,151530,151718,adolph,151670,151673,ich,adolph
qd,kmdh.0,151530,151718,adolph,151694,151697,ich,adolph
qd,kmdh.0,151530,151718,adolph,151698,151702,mein,adolph
qd,kmdh.0,151935,151993,adolph,151964,151967,mir,adolph
qd,kmdh.0,151935,151993,adolph,151983,151987,mein,adolph
qd,kmdh.0,152341,152909,adolph,152390,152393,mir,adolph
qd,kmdh.0,152341,152909,adolph,152439,152443,mein,adolph
qd,kmdh.0,152341,152909,adolph,152688,152691,ich,adolph
qd,kmdh.0,152341,152909,adolph,152714,152718,mein,adolph
qd,kmdh.0,152341,152909,adolph,152800,152803,ich,adolph
qd,kmdh.0,152341,152909,adolph,152804,152808,mein,adolph
qd,kmdh.0,152341,152909,adolph,152824,152828,mein,adolph
qd,kmdh.0,152341,152909,adolph,152841,152846,meine,adolph
qd,kmdh.0,152973,153862,adolph,153018,153022,mein,adolph
qd,kmdh.0,152973,153862,adolph,153232,153235,mir,adolph
qd,kmdh.0,152973,153862,adolph,153261,153267,meiner,adolph
qd,kmdh.0,152973,153862,adolph,153295,153298,mir,adolph
qd,kmdh.0,152973,153862,adolph,153300,153303,ich,adolph
qd,kmdh.0,152973,153862,adolph,153443,153446,ich,adolph
qd,kmdh.0,152973,153862,adolph,153551,153554,ich,adolph
qd,kmdh.0,152973,153862,adolph,153587,153593,meiner,adolph
qd,kmdh.0,152973,153862,adolph,153600,153604,mich,adolph
qd,kmdh.0,152973,153862,adolph,153620,153623,mir,adolph
qd,kmdh.0,152973,153862,adolph,153742,153745,ich,adolph
qd,kmdh.0,152973,153862,adolph,153795,153798,ich,adolph
qd,kmdh.0,152973,153862,adolph,153824,153827,mir,adolph
qd,kmdh.0,153932,154037,adolph,154026,154030,mein,adolph
qd,kmdh.0,154042,154497,veit,154336,154339,ich,veit
qd,kmdh.0,154580,154684,adolph,154649,154654,Meine,adolph
qd,kmdh.0,154580,154684,adolph,154675,154678,ich,adolph
qd,kmdh.0,154689,155203,graf,154829,154833,mich,graf
qd,kmdh.0,154689,155203,graf,154863,154867,mein,graf
qd,kmdh.0,154689,155203,graf,154891,154894,mir,graf
qd,kmdh.0,154689,155203,graf,154987,154990,ich,graf
qd,kmdh.0,154689,155203,graf,155044,155047,ich,graf
qd,kmdh.0,154689,155203,graf,155096,155099,ich,graf
qd,kmdh.0,154689,155203,graf,155176,155180,mein,graf
