corpus,drama,begin,end,Speaker.figure_surface,Speaker.figure_id,Token.surface,Token.pos,Token.lemma,length,Mentioned.figure_surface,Mentioned.figure_id
qd,vnn3.0,965,972,BRENNER,brenner,allein,ADV,allein,24221,,
qd,vnn3.0,965,972,BRENNER,brenner,.,$.,--,24221,,
qd,vnn3.0,1150,1156,BRENNER,brenner,allein,ADV,allein,24221,,
qd,vnn3.0,1226,1236,BRENNER,brenner,Er,PPER,er,24221,,
qd,vnn3.0,1226,1236,BRENNER,brenner,trinkt,VVFIN,trinken,24221,,
qd,vnn3.0,1226,1236,BRENNER,brenner,.,$.,--,24221,,
qd,vnn3.0,1395,1419,_Stage,_Stage,Mephistopheles,NE,mephistopheles,24221,,(1)
qd,vnn3.0,1395,1419,_Stage,_Stage,",","$,",--,24221,,
qd,vnn3.0,1395,1419,_Stage,_Stage,Brenner,NN,brenner,24221,,(0)
qd,vnn3.0,1395,1419,_Stage,_Stage,.,$.,--,24221,,
qd,vnn3.0,3561,3574,MEPHISTOPHELES,mephistopheles,Verschwindet,VVPP,verschwinden,24221,,
qd,vnn3.0,3561,3574,MEPHISTOPHELES,mephistopheles,.,$.,--,24221,,
qd,vnn3.0,3670,3694,_Stage,_Stage,Drei,CARD,drei,24221,,
qd,vnn3.0,3670,3694,_Stage,_Stage,Studenten,NN,student,24221,,
qd,vnn3.0,3670,3694,_Stage,_Stage,",","$,",--,24221,,
qd,vnn3.0,3670,3694,_Stage,_Stage,Brenner,NN,brenner,24221,,(0)
qd,vnn3.0,3670,3694,_Stage,_Stage,.,$.,--,24221,,
qd,vnn3.0,3713,3720,ERSTER STUDENT,erster_student,Servus,NE,servus,24221,,
qd,vnn3.0,3713,3720,ERSTER STUDENT,erster_student,",","$,",--,24221,,
qd,vnn3.0,3755,3770,Servus,NE,servus,24221,,
qd,vnn3.0,3755,3770,"!",$.,--,24221,,
qd,vnn3.0,3755,3770,Servus,NE,servus,24221,,
qd,vnn3.0,3755,3770,"!",$.,--,24221,,
qd,vnn3.0,3786,3793,BRENNER,brenner,Servus,NE,servus,24221,,
qd,vnn3.0,3786,3793,BRENNER,brenner,"!",$.,--,24221,,
qd,vnn3.0,4033,4044,ZWEITER STUDENT,zweiter_student,Vox,NE,--,24221,,
qd,vnn3.0,4033,4044,ZWEITER STUDENT,zweiter_student,populi,VVFIN,populi,24221,,
qd,vnn3.0,4033,4044,ZWEITER STUDENT,zweiter_student,"!",$.,--,24221,,
qd,vnn3.0,4343,4369,BRENNER,brenner,Die,ART,der,24221,,
qd,vnn3.0,4343,4369,BRENNER,brenner,Studenten,NN,student,24221,,
qd,vnn3.0,4343,4369,BRENNER,brenner,setzen,VVFIN,setzen,24221,,
qd,vnn3.0,4343,4369,BRENNER,brenner,sich,PRF,sich,24221,,
qd,vnn3.0,4343,4369,BRENNER,brenner,.,$.,--,24221,,
qd,vnn3.0,4392,4397,ERSTER STUDENT,erster_student,Vivat,NN,vivat,24221,,
qd,vnn3.0,4411,4424,ERSTER STUDENT,erster_student,Alle,PIDAT,aller,24221,,
qd,vnn3.0,4411,4424,ERSTER STUDENT,erster_student,trinken,VVINF,trinken,24221,,
qd,vnn3.0,4411,4424,ERSTER STUDENT,erster_student,.,$.,--,24221,,
qd,vnn3.0,5104,5115,ZWEITER STUDENT,zweiter_student,zu,PTKZU,zu,24221,,
qd,vnn3.0,5104,5115,ZWEITER STUDENT,zweiter_student,Brenner,VVINF,brenner,24221,,(0)
qd,vnn3.0,5104,5115,ZWEITER STUDENT,zweiter_student,.,$.,--,24221,,
qd,vnn3.0,5772,5804,_Stage,_Stage,Doktor,PROAV,doktor,24221,,(5
qd,vnn3.0,5772,5804,_Stage,_Stage,Faust,NN,faust,24221,,5)
qd,vnn3.0,5772,5804,_Stage,_Stage,am,APPRART,an,24221,,
qd,vnn3.0,5772,5804,_Stage,_Stage,Eingang,NN,eingang,24221,,
qd,vnn3.0,5772,5804,_Stage,_Stage,.,$.,--,24221,,
qd,vnn3.0,5772,5804,_Stage,_Stage,Vorige,NN,vorige,24221,,
qd,vnn3.0,5772,5804,_Stage,_Stage,.,$.,--,24221,,
qd,vnn3.0,5854,5865,aufstehend,ADJD,aufstehend,24221,,
qd,vnn3.0,5854,5865,.,$.,--,24221,,
qd,vnn3.0,5959,5975,DOKTOR FAUST,doktor_faust,Sie,PPER,sie,24221,,
qd,vnn3.0,5959,5975,DOKTOR FAUST,doktor_faust,setzen,VVFIN,setzen,24221,,
qd,vnn3.0,5959,5975,DOKTOR FAUST,doktor_faust,sich,PRF,sich,24221,,
qd,vnn3.0,5959,5975,DOKTOR FAUST,doktor_faust,.,$.,--,24221,,
qd,vnn3.0,6905,6933,ERSTER STUDENT,erster_student,Dominus,NE,dominus,24221,,
qd,vnn3.0,6905,6933,ERSTER STUDENT,erster_student,Dominus,NE,dominus,24221,,
qd,vnn3.0,6905,6933,ERSTER STUDENT,erster_student,citatur,NE,citatur,24221,,
qd,vnn3.0,6905,6933,ERSTER STUDENT,erster_student,etc,NE,etc,24221,,
qd,vnn3.0,6905,6933,ERSTER STUDENT,erster_student,.,$.,--,24221,,
qd,vnn3.0,7797,7800,DOKTOR FAUST,doktor_faust,tum,ADV,tum,24221,,
qd,vnn3.0,7806,7809,DOKTOR FAUST,doktor_faust,cum,ADV,cum,24221,,
qd,vnn3.0,8095,8107,ERSTER STUDENT,erster_student,Sie,PPER,sie,24221,,
qd,vnn3.0,8095,8107,ERSTER STUDENT,erster_student,trinken,VVFIN,trinken,24221,,
qd,vnn3.0,8095,8107,ERSTER STUDENT,erster_student,.,$.,--,24221,,
qd,vnn3.0,8135,8147,DOKTOR FAUST,doktor_faust,sie,PPER,sie,24221,,
qd,vnn3.0,8135,8147,DOKTOR FAUST,doktor_faust,heftend,ADJD,heftend,24221,,
qd,vnn3.0,8135,8147,DOKTOR FAUST,doktor_faust,.,$.,--,24221,,
qd,vnn3.0,8318,8331,ERSTER STUDENT,erster_student,Alle,PIDAT,aller,24221,,
qd,vnn3.0,8318,8331,ERSTER STUDENT,erster_student,trinken,VVINF,trinken,24221,,
qd,vnn3.0,8318,8331,ERSTER STUDENT,erster_student,.,$.,--,24221,,
qd,vnn3.0,10089,10097,DOKTOR FAUST,doktor_faust,glühend,ADJD,glühend,24221,,
qd,vnn3.0,10089,10097,DOKTOR FAUST,doktor_faust,.,$.,--,24221,,
qd,vnn3.0,11558,11569,DOKTOR FAUST,doktor_faust,zu,PTKZU,zu,24221,,
qd,vnn3.0,11558,11569,DOKTOR FAUST,doktor_faust,Brenner,VVINF,brenner,24221,,(0)
qd,vnn3.0,11558,11569,DOKTOR FAUST,doktor_faust,.,$.,--,24221,,
qd,vnn3.0,12168,12201,DOKTOR FAUST,doktor_faust,Er,PPER,er,24221,,
qd,vnn3.0,12168,12201,DOKTOR FAUST,doktor_faust,führt,VVFIN,führen,24221,,
qd,vnn3.0,12168,12201,DOKTOR FAUST,doktor_faust,sie,PPER,sie,24221,,
qd,vnn3.0,12168,12201,DOKTOR FAUST,doktor_faust,höflich,ADJD,höflich,24221,,
qd,vnn3.0,12168,12201,DOKTOR FAUST,doktor_faust,spaßhaft,ADJD,spaßhaft,24221,,
qd,vnn3.0,12168,12201,DOKTOR FAUST,doktor_faust,ab,PTKVZ,ab,24221,,
qd,vnn3.0,12168,12201,DOKTOR FAUST,doktor_faust,.,$.,--,24221,,
qd,vnn3.0,12242,12264,_Stage,_Stage,Doktor,PROAV,doktor,24221,,(5
qd,vnn3.0,12242,12264,_Stage,_Stage,Faust,NN,faust,24221,,5)
qd,vnn3.0,12242,12264,_Stage,_Stage,.,$.,--,24221,,
qd,vnn3.0,12242,12264,_Stage,_Stage,Brenner,NE,brenner,24221,,(0)
qd,vnn3.0,12242,12264,_Stage,_Stage,.,$.,--,24221,,
qd,vnn3.0,13450,13472,DOKTOR FAUST,doktor_faust,Wendet,NE,wenden,24221,,
qd,vnn3.0,13450,13472,DOKTOR FAUST,doktor_faust,seine,PPOSAT,sein,24221,,
qd,vnn3.0,13450,13472,DOKTOR FAUST,doktor_faust,Börse,NN,börse,24221,,
qd,vnn3.0,13450,13472,DOKTOR FAUST,doktor_faust,um,PTKVZ,um,24221,,
qd,vnn3.0,13450,13472,DOKTOR FAUST,doktor_faust,.,$.,--,24221,,
qd,vnn3.0,14023,14036,DOKTOR FAUST,doktor_faust,aufspringend,ADJD,aufspringend,24221,,
qd,vnn3.0,14023,14036,DOKTOR FAUST,doktor_faust,.,$.,--,24221,,
qd,vnn3.0,14956,14966,BRENNER,brenner,bedeutend,ADJD,bedeutend,24221,,
qd,vnn3.0,14956,14966,BRENNER,brenner,.,$.,--,24221,,
qd,vnn3.0,15004,15014,DOKTOR FAUST,doktor_faust,betroffen,VVPP,betreffen,24221,,
qd,vnn3.0,15004,15014,DOKTOR FAUST,doktor_faust,.,$.,--,24221,,
qd,vnn3.0,15070,15091,_Stage,_Stage,Fausts,NE,faust,24221,,(6
qd,vnn3.0,15070,15091,_Stage,_Stage,Vater,NN,vater,24221,,6)
qd,vnn3.0,15070,15091,_Stage,_Stage,.,$.,--,24221,,
qd,vnn3.0,15070,15091,_Stage,_Stage,Vorige,NN,vorige,24221,,
qd,vnn3.0,15070,15091,_Stage,_Stage,.,$.,--,24221,,
qd,vnn3.0,15108,15139,FAUSTS VATER,fausts_vater,in,APPR,in,24221,,
qd,vnn3.0,15108,15139,FAUSTS VATER,fausts_vater,Doktor,NE,doktor,24221,,
qd,vnn3.0,15108,15139,FAUSTS VATER,fausts_vater,Fausts,NE,faust,24221,,
qd,vnn3.0,15108,15139,FAUSTS VATER,fausts_vater,Arme,NN,arm,24221,,
qd,vnn3.0,15108,15139,FAUSTS VATER,fausts_vater,stürzend,ADJD,stürzend,24221,,
qd,vnn3.0,15108,15139,FAUSTS VATER,fausts_vater,.,$.,--,24221,,
qd,vnn3.0,15182,15202,DOKTOR FAUST,doktor_faust,äußerst,ADV,äußerst,24221,,
qd,vnn3.0,15182,15202,DOKTOR FAUST,doktor_faust,erschüttert,VVFIN,erschüttern,24221,,
qd,vnn3.0,15182,15202,DOKTOR FAUST,doktor_faust,.,$.,--,24221,,
qd,vnn3.0,15212,15255,DOKTOR FAUST,doktor_faust,Stumme,ADJA,stumm,24221,,
qd,vnn3.0,15212,15255,DOKTOR FAUST,doktor_faust,Szene,NN,szene,24221,,
qd,vnn3.0,15212,15255,DOKTOR FAUST,doktor_faust,",","$,",--,24221,,
qd,vnn3.0,15212,15255,DOKTOR FAUST,doktor_faust,in,APPR,in,24221,,
qd,vnn3.0,15212,15255,DOKTOR FAUST,doktor_faust,der,PRELS,der,24221,,
qd,vnn3.0,15212,15255,DOKTOR FAUST,doktor_faust,sich,PRF,sich,24221,,
qd,vnn3.0,15212,15255,DOKTOR FAUST,doktor_faust,Brenner,NN,brenner,24221,,(0)
qd,vnn3.0,15212,15255,DOKTOR FAUST,doktor_faust,entfernt,VVPP,entfernen,24221,,
qd,vnn3.0,15212,15255,DOKTOR FAUST,doktor_faust,.,$.,--,24221,,
qd,vnn3.0,16093,16109,DOKTOR FAUST,doktor_faust,zu,APPR,zu,24221,,
qd,vnn3.0,16093,16109,DOKTOR FAUST,doktor_faust,seinen,PPOSAT,sein,24221,,
qd,vnn3.0,16093,16109,DOKTOR FAUST,doktor_faust,Füßen,NN,fuß,24221,,
qd,vnn3.0,16093,16109,DOKTOR FAUST,doktor_faust,.,$.,--,24221,,
qd,vnn3.0,16493,16523,DOKTOR FAUST,doktor_faust,sich,PRF,sich,24221,,
qd,vnn3.0,16493,16523,DOKTOR FAUST,doktor_faust,vor,APPR,vor,24221,,
qd,vnn3.0,16493,16523,DOKTOR FAUST,doktor_faust,die,ART,der,24221,,
qd,vnn3.0,16493,16523,DOKTOR FAUST,doktor_faust,Stirne,NN,stirne,24221,,
qd,vnn3.0,16493,16523,DOKTOR FAUST,doktor_faust,schlagend,ADJD,schlagend,24221,,
qd,vnn3.0,16493,16523,DOKTOR FAUST,doktor_faust,.,$.,--,24221,,
qd,vnn3.0,19153,19176,_Stage,_Stage,Gerichtsdiener,NE,gerichtsdiener,24221,,(7)
qd,vnn3.0,19153,19176,_Stage,_Stage,.,$.,--,24221,,
qd,vnn3.0,19153,19176,_Stage,_Stage,Vorige,NN,vorige,24221,,
qd,vnn3.0,19153,19176,_Stage,_Stage,.,$.,--,24221,,
qd,vnn3.0,19343,19368,FAUSTS VATER,fausts_vater,auf,APPR,auf,24221,,
qd,vnn3.0,19343,19368,FAUSTS VATER,fausts_vater,seinen,PPOSAT,sein,24221,,
qd,vnn3.0,19343,19368,FAUSTS VATER,fausts_vater,Stuhl,NN,stuhl,24221,,
qd,vnn3.0,19343,19368,FAUSTS VATER,fausts_vater,sinkend,ADJD,sinkend,24221,,
qd,vnn3.0,19343,19368,FAUSTS VATER,fausts_vater,.,$.,--,24221,,
qd,vnn3.0,19480,19486,DOKTOR FAUST,doktor_faust,liest,VVFIN,lesen,24221,,
qd,vnn3.0,19480,19486,DOKTOR FAUST,doktor_faust,.,$.,--,24221,,
qd,vnn3.0,19522,19553,DOKTOR FAUST,doktor_faust,Zu,APPR,zu,24221,,
qd,vnn3.0,19522,19553,DOKTOR FAUST,doktor_faust,seines,PPOSAT,sein,24221,,
qd,vnn3.0,19522,19553,DOKTOR FAUST,doktor_faust,Vaters,NN,vater,24221,,
qd,vnn3.0,19522,19553,DOKTOR FAUST,doktor_faust,Füßen,NN,fuß,24221,,
qd,vnn3.0,19522,19553,DOKTOR FAUST,doktor_faust,sinkend,ADJD,sinkend,24221,,
qd,vnn3.0,19522,19553,DOKTOR FAUST,doktor_faust,.,$.,--,24221,,
qd,vnn3.0,20290,20316,GERICHTSDIENER,gerichtsdiener,Seine,PPOSAT,sein,24221,,
qd,vnn3.0,20290,20316,GERICHTSDIENER,gerichtsdiener,Gehilfen,NN,gehilfe,24221,,
qd,vnn3.0,20290,20316,GERICHTSDIENER,gerichtsdiener,packen,VVFIN,packen,24221,,
qd,vnn3.0,20290,20316,GERICHTSDIENER,gerichtsdiener,ihn,PPER,ihn,24221,,
qd,vnn3.0,20290,20316,GERICHTSDIENER,gerichtsdiener,.,$.,--,24221,,
qd,vnn3.0,20531,20547,FAUSTS VATER,fausts_vater,sich,PRF,sich,24221,,
qd,vnn3.0,20531,20547,FAUSTS VATER,fausts_vater,losreißend,ADJD,losreißend,24221,,
qd,vnn3.0,20531,20547,FAUSTS VATER,fausts_vater,.,$.,--,24221,,
qd,vnn3.0,20799,20802,FAUSTS VATER,fausts_vater,Ab,APPR,ab,24221,,
qd,vnn3.0,20799,20802,FAUSTS VATER,fausts_vater,.,$.,--,24221,,
qd,vnn3.0,20847,20885,DOKTOR FAUST,doktor_faust,Die,ART,der,24221,,
qd,vnn3.0,20847,20885,DOKTOR FAUST,doktor_faust,Gerichtsdiener,ADJA,gerichtsdiener,24221,,(7)
qd,vnn3.0,20847,20885,DOKTOR FAUST,doktor_faust,schleppen,VVFIN,schleppen,24221,,
qd,vnn3.0,20847,20885,DOKTOR FAUST,doktor_faust,ihn,PPER,ihn,24221,,
qd,vnn3.0,20847,20885,DOKTOR FAUST,doktor_faust,fort,PTKVZ,fort,24221,,
qd,vnn3.0,20847,20885,DOKTOR FAUST,doktor_faust,.,$.,--,24221,,
qd,vnn3.0,20935,20949,BRENNER,brenner,hervorkommend,ADJD,hervorkommend,24221,,
qd,vnn3.0,20935,20949,BRENNER,brenner,.,$.,--,24221,,
qd,vnn3.0,21252,21255,BRENNER,brenner,Ab,APPR,ab,24221,,
qd,vnn3.0,21252,21255,BRENNER,brenner,.,$.,--,24221,,
qd,vnn3.0,21296,21306,_Stage,_Stage,Gefängnis,NN,gefängnis,24221,,
qd,vnn3.0,21296,21306,_Stage,_Stage,.,$.,--,24221,,
qd,vnn3.0,21309,21338,_Stage,_Stage,Doktor,PROAV,doktor,24221,,(5
qd,vnn3.0,21309,21338,_Stage,_Stage,Faust,NN,faust,24221,,5)
qd,vnn3.0,21309,21338,_Stage,_Stage,.,$.,--,24221,,
qd,vnn3.0,21309,21338,_Stage,_Stage,Gerichtsdiener,NE,gerichtsdiener,24221,,(7)
qd,vnn3.0,21309,21338,_Stage,_Stage,.,$.,--,24221,,
qd,vnn3.0,21381,21384,GERICHTSDIENER,gerichtsdiener,Ab,APPR,ab,24221,,
qd,vnn3.0,21381,21384,GERICHTSDIENER,gerichtsdiener,.,$.,--,24221,,
qd,vnn3.0,21441,21448,DOKTOR FAUST,doktor_faust,allein,ADV,allein,24221,,
qd,vnn3.0,21441,21448,DOKTOR FAUST,doktor_faust,.,$.,--,24221,,
qd,vnn3.0,22373,22395,_Stage,_Stage,Brenner,NE,brenner,24221,,(0)
qd,vnn3.0,22373,22395,_Stage,_Stage,.,$.,--,24221,,
qd,vnn3.0,22373,22395,_Stage,_Stage,Doktor,PROAV,doktor,24221,,(5
qd,vnn3.0,22373,22395,_Stage,_Stage,Faust,NN,faust,24221,,5)
qd,vnn3.0,22373,22395,_Stage,_Stage,.,$.,--,24221,,
qd,vnn3.0,23385,23402,DOKTOR FAUST,doktor_faust,Er,PPER,er,24221,,
qd,vnn3.0,23385,23402,DOKTOR FAUST,doktor_faust,schüttelt,VVFIN,schütteln,24221,,
qd,vnn3.0,23385,23402,DOKTOR FAUST,doktor_faust,ihn,PPER,ihn,24221,,
qd,vnn3.0,23385,23402,DOKTOR FAUST,doktor_faust,.,$.,--,24221,,
qd,vnn3.0,26199,26202,BRENNER,brenner,Ab,APPR,ab,24221,,
qd,vnn3.0,26199,26202,BRENNER,brenner,.,$.,--,24221,,
qd,vnn3.0,26259,26299,DOKTOR FAUST,doktor_faust,allein,ADV,allein,24221,,
qd,vnn3.0,26259,26299,DOKTOR FAUST,doktor_faust,",","$,",--,24221,,
qd,vnn3.0,26259,26299,DOKTOR FAUST,doktor_faust,in,APPR,in,24221,,
qd,vnn3.0,26259,26299,DOKTOR FAUST,doktor_faust,höchster,ADJA,hoch,24221,,
qd,vnn3.0,26259,26299,DOKTOR FAUST,doktor_faust,Spannung,NN,spannung,24221,,
qd,vnn3.0,26259,26299,DOKTOR FAUST,doktor_faust,der,ART,der,24221,,
qd,vnn3.0,26259,26299,DOKTOR FAUST,doktor_faust,Unruhe,NN,unruhe,24221,,
qd,vnn3.0,26259,26299,DOKTOR FAUST,doktor_faust,.,$.,--,24221,,
qd,vnn3.0,26396,26405,DOKTOR FAUST,doktor_faust,Er,PPER,er,24221,,
qd,vnn3.0,26396,26405,DOKTOR FAUST,doktor_faust,liest,VVFIN,lesen,24221,,
qd,vnn3.0,26396,26405,DOKTOR FAUST,doktor_faust,.,$.,--,24221,,
qd,vnn3.0,26847,26921,DOKTOR FAUST,doktor_faust,Er,PPER,er,24221,,
qd,vnn3.0,26847,26921,DOKTOR FAUST,doktor_faust,zieht,VVFIN,ziehen,24221,,
qd,vnn3.0,26847,26921,DOKTOR FAUST,doktor_faust,den,ART,der,24221,,
qd,vnn3.0,26847,26921,DOKTOR FAUST,doktor_faust,Kreis,NN,kreis,24221,,
qd,vnn3.0,26847,26921,DOKTOR FAUST,doktor_faust,und,KON,und,24221,,
qd,vnn3.0,26847,26921,DOKTOR FAUST,doktor_faust,hebt,VVFIN,heben,24221,,
qd,vnn3.0,26847,26921,DOKTOR FAUST,doktor_faust,die,ART,der,24221,,
qd,vnn3.0,26847,26921,DOKTOR FAUST,doktor_faust,Beschwörung,NN,beschwörung,24221,,
qd,vnn3.0,26847,26921,DOKTOR FAUST,doktor_faust,an,PTKVZ,an,24221,,
qd,vnn3.0,26847,26921,DOKTOR FAUST,doktor_faust,;,$.,--,24221,,
qd,vnn3.0,26847,26921,DOKTOR FAUST,doktor_faust,Sturm,NN,sturm,24221,,
qd,vnn3.0,26847,26921,DOKTOR FAUST,doktor_faust,erhebt,VVFIN,erheben,24221,,
qd,vnn3.0,26847,26921,DOKTOR FAUST,doktor_faust,sich,PRF,sich,24221,,
qd,vnn3.0,26847,26921,DOKTOR FAUST,doktor_faust,",","$,",--,24221,,
qd,vnn3.0,26847,26921,DOKTOR FAUST,doktor_faust,Blitze,NN,blitze,24221,,
qd,vnn3.0,26847,26921,DOKTOR FAUST,doktor_faust,.,$.,--,24221,,
qd,vnn3.0,26941,26986,DOKTOR FAUST,doktor_faust,hält,VVFIN,halten,24221,,
qd,vnn3.0,26941,26986,DOKTOR FAUST,doktor_faust,plötzlich,ADJD,plötzlich,24221,,
qd,vnn3.0,26941,26986,DOKTOR FAUST,doktor_faust,inne,PTKVZ,inne,24221,,
qd,vnn3.0,26941,26986,DOKTOR FAUST,doktor_faust,und,KON,und,24221,,
qd,vnn3.0,26941,26986,DOKTOR FAUST,doktor_faust,fällt,VVFIN,fallen,24221,,
qd,vnn3.0,26941,26986,DOKTOR FAUST,doktor_faust,auf,APPR,auf,24221,,
qd,vnn3.0,26941,26986,DOKTOR FAUST,doktor_faust,seine,PPOSAT,sein,24221,,
qd,vnn3.0,26941,26986,DOKTOR FAUST,doktor_faust,Knie,NN,knie,24221,,
qd,vnn3.0,26941,26986,DOKTOR FAUST,doktor_faust,.,$.,--,24221,,
qd,vnn3.0,27021,27052,DOKTOR FAUST,doktor_faust,Ein,ART,ein,24221,,
qd,vnn3.0,27021,27052,DOKTOR FAUST,doktor_faust,Donnerschlag,NN,donnerschlag,24221,,
qd,vnn3.0,27021,27052,DOKTOR FAUST,doktor_faust,",","$,",--,24221,,
qd,vnn3.0,27021,27052,DOKTOR FAUST,doktor_faust,sanfte,ADJA,sanft,24221,,
qd,vnn3.0,27021,27052,DOKTOR FAUST,doktor_faust,Musik,NN,musik,24221,,
qd,vnn3.0,27021,27052,DOKTOR FAUST,doktor_faust,.,$.,--,24221,,
qd,vnn3.0,27095,27143,_Stage,_Stage,Ithuriel,NN,ithuriel,24221,,(8)
qd,vnn3.0,27095,27143,_Stage,_Stage,aus,APPR,aus,24221,,
qd,vnn3.0,27095,27143,_Stage,_Stage,Wolken,NN,wolke,24221,,
qd,vnn3.0,27095,27143,_Stage,_Stage,hervortretend,ADJD,hervortretend,24221,,
qd,vnn3.0,27095,27143,_Stage,_Stage,.,$.,--,24221,,
qd,vnn3.0,27095,27143,_Stage,_Stage,Doktor,PROAV,doktor,24221,,(5
qd,vnn3.0,27095,27143,_Stage,_Stage,Faust,NN,faust,24221,,5)
qd,vnn3.0,27095,27143,_Stage,_Stage,.,$.,--,24221,,
qd,vnn3.0,30669,30709,DOKTOR FAUST,doktor_faust,Nach,APPR,nach,24221,,
qd,vnn3.0,30669,30709,DOKTOR FAUST,doktor_faust,langem,ADJA,lang,24221,,
qd,vnn3.0,30669,30709,DOKTOR FAUST,doktor_faust,verzweiflungsvollem,ADJA,verzweiflungsvoll,24221,,
qd,vnn3.0,30669,30709,DOKTOR FAUST,doktor_faust,Sinnen,NN,sinnen,24221,,
qd,vnn3.0,30669,30709,DOKTOR FAUST,doktor_faust,.,$.,--,24221,,
qd,vnn3.0,31053,31209,ITHURIEL,ithuriel,Traurige,ADJA,traurig,24221,,
qd,vnn3.0,31053,31209,ITHURIEL,ithuriel,Musik,NN,musik,24221,,
qd,vnn3.0,31053,31209,ITHURIEL,ithuriel,.,$.,--,24221,,
qd,vnn3.0,31053,31209,ITHURIEL,ithuriel,Im,APPRART,in,24221,,
qd,vnn3.0,31053,31209,ITHURIEL,ithuriel,Hintergrund,NN,hintergrund,24221,,
qd,vnn3.0,31053,31209,ITHURIEL,ithuriel,erscheint,VVFIN,erscheinen,24221,,
qd,vnn3.0,31053,31209,ITHURIEL,ithuriel,Fausts,NE,faust,24221,,(6
qd,vnn3.0,31053,31209,ITHURIEL,ithuriel,Vater,NN,vater,24221,,6)
qd,vnn3.0,31053,31209,ITHURIEL,ithuriel,in,APPR,in,24221,,
qd,vnn3.0,31053,31209,ITHURIEL,ithuriel,seiner,PPOSAT,sein,24221,,
qd,vnn3.0,31053,31209,ITHURIEL,ithuriel,Hütte,NN,hütte,24221,,
qd,vnn3.0,31053,31209,ITHURIEL,ithuriel,",","$,",--,24221,,
qd,vnn3.0,31053,31209,ITHURIEL,ithuriel,seine,PPOSAT,sein,24221,,
qd,vnn3.0,31053,31209,ITHURIEL,ithuriel,Haare,NN,haar,24221,,
qd,vnn3.0,31053,31209,ITHURIEL,ithuriel,ausraufend,ADJD,ausraufend,24221,,
qd,vnn3.0,31053,31209,ITHURIEL,ithuriel,",","$,",--,24221,,
qd,vnn3.0,31053,31209,ITHURIEL,ithuriel,am,APPRART,an,24221,,
qd,vnn3.0,31053,31209,ITHURIEL,ithuriel,Strohlager,NN,strohlager,24221,,
qd,vnn3.0,31053,31209,ITHURIEL,ithuriel,seiner,PPOSAT,sein,24221,,
qd,vnn3.0,31053,31209,ITHURIEL,ithuriel,Mutter,NN,mutter,24221,,
qd,vnn3.0,31053,31209,ITHURIEL,ithuriel,;,$.,--,24221,,
qd,vnn3.0,31053,31209,ITHURIEL,ithuriel,Liese,NN,liese,24221,,(15)
qd,vnn3.0,31053,31209,ITHURIEL,ithuriel,",","$,",--,24221,,
qd,vnn3.0,31053,31209,ITHURIEL,ithuriel,sich,PRF,sich,24221,,
qd,vnn3.0,31053,31209,ITHURIEL,ithuriel,ins,APPRART,in,24221,,
qd,vnn3.0,31053,31209,ITHURIEL,ithuriel,Wasser,NN,wasser,24221,,
qd,vnn3.0,31053,31209,ITHURIEL,ithuriel,stürzend,ADJD,stürzend,24221,,
qd,vnn3.0,31053,31209,ITHURIEL,ithuriel,.,$.,--,24221,,
qd,vnn3.0,31407,31421,DOKTOR FAUST,doktor_faust,niedersinkend,ADJD,niedersinkend,24221,,
qd,vnn3.0,31407,31421,DOKTOR FAUST,doktor_faust,.,$.,--,24221,,
qd,vnn3.0,31518,31568,_Stage,_Stage,Mephistopheles,NE,mephistopheles,24221,,(1)
qd,vnn3.0,31518,31568,_Stage,_Stage,",","$,",--,24221,,
qd,vnn3.0,31518,31568,_Stage,_Stage,Ithuriel,NN,ithuriel,24221,,(8)
qd,vnn3.0,31518,31568,_Stage,_Stage,von,APPR,von,24221,,
qd,vnn3.0,31518,31568,_Stage,_Stage,verschiedenen,ADJA,verschieden,24221,,
qd,vnn3.0,31518,31568,_Stage,_Stage,Seiten,NN,seite,24221,,
qd,vnn3.0,31518,31568,_Stage,_Stage,.,$.,--,24221,,
qd,vnn3.0,33838,33856,ITHURIEL,ithuriel,auf,APPR,auf,24221,,
qd,vnn3.0,33838,33856,ITHURIEL,ithuriel,Faust,NN,faust,24221,,
qd,vnn3.0,33838,33856,ITHURIEL,ithuriel,zeigend,ADJD,zeigend,24221,,
qd,vnn3.0,33838,33856,ITHURIEL,ithuriel,.,$.,--,24221,,
qd,vnn3.0,37486,37514,ITHURIEL,ithuriel,Mephistopheles,NE,mephistopheles,24221,,(1)
qd,vnn3.0,37486,37514,ITHURIEL,ithuriel,verschwindet,VVFIN,verschwinden,24221,,
qd,vnn3.0,37486,37514,ITHURIEL,ithuriel,.,$.,--,24221,,
qd,vnn3.0,37555,37578,_Stage,_Stage,Ithuriel,NE,ithuriel,24221,,(8)
qd,vnn3.0,37555,37578,_Stage,_Stage,.,$.,--,24221,,
qd,vnn3.0,37555,37578,_Stage,_Stage,Doktor,PROAV,doktor,24221,,(5
qd,vnn3.0,37555,37578,_Stage,_Stage,Faust,NN,faust,24221,,5)
qd,vnn3.0,37555,37578,_Stage,_Stage,.,$.,--,24221,,
qd,vnn3.0,37591,37607,ITHURIEL,ithuriel,Faust,NN,faust,24221,,
qd,vnn3.0,37591,37607,ITHURIEL,ithuriel,berührend,ADJD,berührend,24221,,
qd,vnn3.0,37591,37607,ITHURIEL,ithuriel,.,$.,--,24221,,
qd,vnn3.0,37772,37785,ITHURIEL,ithuriel,Verschwindet,VVPP,verschwinden,24221,,
qd,vnn3.0,37772,37785,ITHURIEL,ithuriel,.,$.,--,24221,,
qd,vnn3.0,37840,37858,DOKTOR FAUST,doktor_faust,allein,ADV,allein,24221,,
qd,vnn3.0,37840,37858,DOKTOR FAUST,doktor_faust,",","$,",--,24221,,
qd,vnn3.0,37840,37858,DOKTOR FAUST,doktor_faust,erwachend,ADJD,erwachend,24221,,
qd,vnn3.0,37840,37858,DOKTOR FAUST,doktor_faust,.,$.,--,24221,,
qd,vnn3.0,39019,39035,_Stage,_Stage,Brenner,NE,brenner,24221,,(0)
qd,vnn3.0,39019,39035,_Stage,_Stage,.,$.,--,24221,,
qd,vnn3.0,39019,39035,_Stage,_Stage,Vorige,NN,vorige,24221,,
qd,vnn3.0,39019,39035,_Stage,_Stage,.,$.,--,24221,,
qd,vnn3.0,42207,42218,DOKTOR FAUST,doktor_faust,tiefsinnig,ADJD,tiefsinnig,24221,,
qd,vnn3.0,42207,42218,DOKTOR FAUST,doktor_faust,.,$.,--,24221,,
qd,vnn3.0,42607,42618,DOKTOR FAUST,doktor_faust,Aufmerksam,NE,aufmerksam,24221,,
qd,vnn3.0,42607,42618,DOKTOR FAUST,doktor_faust,.,$.,--,24221,,
qd,vnn3.0,43410,43418,DOKTOR FAUST,doktor_faust,sinnend,ADJD,sinnend,24221,,
qd,vnn3.0,43410,43418,DOKTOR FAUST,doktor_faust,.,$.,--,24221,,
qd,vnn3.0,43747,43753,DOKTOR FAUST,doktor_faust,Pause,NN,pause,24221,,
qd,vnn3.0,43747,43753,DOKTOR FAUST,doktor_faust,.,$.,--,24221,,
qd,vnn3.0,44093,44096,BRENNER,brenner,Ab,APPR,ab,24221,,
qd,vnn3.0,44093,44096,BRENNER,brenner,.,$.,--,24221,,
qd,vnn3.0,44151,44158,DOKTOR FAUST,doktor_faust,allein,ADV,allein,24221,,
qd,vnn3.0,44151,44158,DOKTOR FAUST,doktor_faust,.,$.,--,24221,,
qd,vnn3.0,44913,44986,DOKTOR FAUST,doktor_faust,Er,PPER,er,24221,,
qd,vnn3.0,44913,44986,DOKTOR FAUST,doktor_faust,beginnt,VVFIN,beginnen,24221,,
qd,vnn3.0,44913,44986,DOKTOR FAUST,doktor_faust,die,ART,der,24221,,
qd,vnn3.0,44913,44986,DOKTOR FAUST,doktor_faust,Beschwörung,NN,beschwörung,24221,,
qd,vnn3.0,44913,44986,DOKTOR FAUST,doktor_faust,;,$.,--,24221,,
qd,vnn3.0,44913,44986,DOKTOR FAUST,doktor_faust,Sturm,NN,sturm,24221,,
qd,vnn3.0,44913,44986,DOKTOR FAUST,doktor_faust,und,KON,und,24221,,
qd,vnn3.0,44913,44986,DOKTOR FAUST,doktor_faust,Blitze,NN,blitze,24221,,
qd,vnn3.0,44913,44986,DOKTOR FAUST,doktor_faust,;,$.,--,24221,,
qd,vnn3.0,44913,44986,DOKTOR FAUST,doktor_faust,Wolken,NN,wolke,24221,,
qd,vnn3.0,44913,44986,DOKTOR FAUST,doktor_faust,erfüllen,VVINF,erfüllen,24221,,
qd,vnn3.0,44913,44986,DOKTOR FAUST,doktor_faust,das,ART,der,24221,,
qd,vnn3.0,44913,44986,DOKTOR FAUST,doktor_faust,Zimmer,NN,zimmer,24221,,
qd,vnn3.0,44913,44986,DOKTOR FAUST,doktor_faust,.,$.,--,24221,,
qd,vnn3.0,45652,45678,STIMME,stimme,Sieben,CARD,sieben,24221,,
qd,vnn3.0,45652,45678,STIMME,stimme,Geister,NN,geist,24221,,
qd,vnn3.0,45652,45678,STIMME,stimme,erscheinen,VVFIN,erscheinen,24221,,
qd,vnn3.0,45652,45678,STIMME,stimme,.,$.,--,24221,,
qd,vnn3.0,45878,45895,DOKTOR FAUST,doktor_faust,Zum,APPRART,zu,24221,,
qd,vnn3.0,45878,45895,DOKTOR FAUST,doktor_faust,ersten,ADJA,erster,24221,,
qd,vnn3.0,45878,45895,DOKTOR FAUST,doktor_faust,Geist,NN,geist,24221,,(23)
qd,vnn3.0,45878,45895,DOKTOR FAUST,doktor_faust,.,$.,--,24221,,
qd,vnn3.0,46041,46059,DOKTOR FAUST,doktor_faust,Zum,APPRART,zu,24221,,
qd,vnn3.0,46041,46059,DOKTOR FAUST,doktor_faust,zweiten,ADJA,zweiter,24221,,
qd,vnn3.0,46041,46059,DOKTOR FAUST,doktor_faust,Geist,NN,geist,24221,,(23)
qd,vnn3.0,46041,46059,DOKTOR FAUST,doktor_faust,.,$.,--,24221,,
qd,vnn3.0,46169,46189,DOKTOR FAUST,doktor_faust,Zum,APPRART,zu,24221,,
qd,vnn3.0,46169,46189,DOKTOR FAUST,doktor_faust,siebenten,ADJA,siebent,24221,,
qd,vnn3.0,46169,46189,DOKTOR FAUST,doktor_faust,Geist,NN,geist,24221,,(23)
qd,vnn3.0,46169,46189,DOKTOR FAUST,doktor_faust,.,$.,--,24221,,
qd,vnn3.0,46302,46320,DOKTOR FAUST,doktor_faust,Zum,APPRART,zu,24221,,
qd,vnn3.0,46302,46320,DOKTOR FAUST,doktor_faust,zweiten,ADJA,zweiter,24221,,
qd,vnn3.0,46302,46320,DOKTOR FAUST,doktor_faust,Geist,NN,geist,24221,,(23)
qd,vnn3.0,46302,46320,DOKTOR FAUST,doktor_faust,.,$.,--,24221,,
qd,vnn3.0,46469,46487,DOKTOR FAUST,doktor_faust,Zum,APPRART,zu,24221,,
qd,vnn3.0,46469,46487,DOKTOR FAUST,doktor_faust,dritten,ADJA,dritter,24221,,
qd,vnn3.0,46469,46487,DOKTOR FAUST,doktor_faust,Geist,NN,geist,24221,,(23)
qd,vnn3.0,46469,46487,DOKTOR FAUST,doktor_faust,.,$.,--,24221,,
qd,vnn3.0,46743,46761,DOKTOR FAUST,doktor_faust,Zum,APPRART,zu,24221,,
qd,vnn3.0,46743,46761,DOKTOR FAUST,doktor_faust,vierten,ADJA,vierter,24221,,
qd,vnn3.0,46743,46761,DOKTOR FAUST,doktor_faust,Geist,NN,geist,24221,,(23)
qd,vnn3.0,46743,46761,DOKTOR FAUST,doktor_faust,.,$.,--,24221,,
qd,vnn3.0,47844,47902,DOKTOR FAUST,doktor_faust,Sturm,NN,sturm,24221,,
qd,vnn3.0,47844,47902,DOKTOR FAUST,doktor_faust,",","$,",--,24221,,
qd,vnn3.0,47844,47902,DOKTOR FAUST,doktor_faust,Donner,NN,donner,24221,,
qd,vnn3.0,47844,47902,DOKTOR FAUST,doktor_faust,und,KON,und,24221,,
qd,vnn3.0,47844,47902,DOKTOR FAUST,doktor_faust,Blitze,NN,blitze,24221,,
qd,vnn3.0,47844,47902,DOKTOR FAUST,doktor_faust,;,$.,--,24221,,
qd,vnn3.0,47844,47902,DOKTOR FAUST,doktor_faust,die,ART,der,24221,,
qd,vnn3.0,47844,47902,DOKTOR FAUST,doktor_faust,sieben,CARD,sieben,24221,,
qd,vnn3.0,47844,47902,DOKTOR FAUST,doktor_faust,Geister,NN,geist,24221,,
qd,vnn3.0,47844,47902,DOKTOR FAUST,doktor_faust,verschwinden,VVINF,verschwinden,24221,,
qd,vnn3.0,47844,47902,DOKTOR FAUST,doktor_faust,.,$.,--,24221,,
qd,vnn3.0,47943,47972,_Stage,_Stage,Mephistopheles,NE,mephistopheles,24221,,(1)
qd,vnn3.0,47943,47972,_Stage,_Stage,.,$.,--,24221,,
qd,vnn3.0,47943,47972,_Stage,_Stage,Doktor,PROAV,doktor,24221,,(5
qd,vnn3.0,47943,47972,_Stage,_Stage,Faust,NN,faust,24221,,5)
qd,vnn3.0,47943,47972,_Stage,_Stage,.,$.,--,24221,,
qd,vnn3.0,52607,52620,MEPHISTOPHELES,mephistopheles,Verschwindet,VVPP,verschwinden,24221,,
qd,vnn3.0,52607,52620,MEPHISTOPHELES,mephistopheles,.,$.,--,24221,,
qd,vnn3.0,52675,52682,DOKTOR FAUST,doktor_faust,allein,ADV,allein,24221,,
qd,vnn3.0,52675,52682,DOKTOR FAUST,doktor_faust,.,$.,--,24221,,
qd,vnn3.0,53612,53636,_Stage,_Stage,Mephistopheles,NE,mephistopheles,24221,,(1)
qd,vnn3.0,53612,53636,_Stage,_Stage,.,$.,--,24221,,
qd,vnn3.0,53612,53636,_Stage,_Stage,Voriger,NE,voriger,24221,,
qd,vnn3.0,53612,53636,_Stage,_Stage,.,$.,--,24221,,
qd,vnn3.0,54572,54596,DOKTOR FAUST,doktor_faust,Sturm,NN,sturm,24221,,
qd,vnn3.0,54572,54596,DOKTOR FAUST,doktor_faust,",","$,",--,24221,,
qd,vnn3.0,54572,54596,DOKTOR FAUST,doktor_faust,Donner,NN,donner,24221,,
qd,vnn3.0,54572,54596,DOKTOR FAUST,doktor_faust,und,KON,und,24221,,
qd,vnn3.0,54572,54596,DOKTOR FAUST,doktor_faust,Blitz,NE,blitz,24221,,
qd,vnn3.0,54572,54596,DOKTOR FAUST,doktor_faust,.,$.,--,24221,,
qd,vnn3.0,54742,54806,DOKTOR FAUST,doktor_faust,Er,PPER,er,24221,,
qd,vnn3.0,54742,54806,DOKTOR FAUST,doktor_faust,entblößt,VVFIN,entblößen,24221,,
qd,vnn3.0,54742,54806,DOKTOR FAUST,doktor_faust,den,ART,der,24221,,
qd,vnn3.0,54742,54806,DOKTOR FAUST,doktor_faust,Arm,NN,arm,24221,,
qd,vnn3.0,54742,54806,DOKTOR FAUST,doktor_faust,",","$,",--,24221,,
qd,vnn3.0,54742,54806,DOKTOR FAUST,doktor_faust,ritzt,VVFIN,ritzen,24221,,
qd,vnn3.0,54742,54806,DOKTOR FAUST,doktor_faust,die,ART,der,24221,,
qd,vnn3.0,54742,54806,DOKTOR FAUST,doktor_faust,Ader,NN,ader,24221,,
qd,vnn3.0,54742,54806,DOKTOR FAUST,doktor_faust,und,KON,und,24221,,
qd,vnn3.0,54742,54806,DOKTOR FAUST,doktor_faust,unterzeichnet,VVPP,unterzeichnen,24221,,
qd,vnn3.0,54742,54806,DOKTOR FAUST,doktor_faust,.,$.,--,24221,,
qd,vnn3.0,54742,54806,DOKTOR FAUST,doktor_faust,Halblaut,NE,halblaut,24221,,
qd,vnn3.0,54742,54806,DOKTOR FAUST,doktor_faust,.,$.,--,24221,,
qd,vnn3.0,54898,54930,_Stage,_Stage,Ithuriel,NE,ithuriel,24221,,(8)
qd,vnn3.0,54898,54930,_Stage,_Stage,im,APPRART,in,24221,,
qd,vnn3.0,54898,54930,_Stage,_Stage,Hintergrund,NN,hintergrund,24221,,
qd,vnn3.0,54898,54930,_Stage,_Stage,.,$.,--,24221,,
qd,vnn3.0,54898,54930,_Stage,_Stage,Vorige,NN,vorige,24221,,
qd,vnn3.0,54898,54930,_Stage,_Stage,.,$.,--,24221,,
qd,vnn3.0,54996,55028,DOKTOR FAUST,doktor_faust,seine,PPOSAT,sein,24221,,
qd,vnn3.0,54996,55028,DOKTOR FAUST,doktor_faust,Arme,NN,arm,24221,,
qd,vnn3.0,54996,55028,DOKTOR FAUST,doktor_faust,nach,APPR,nach,24221,,
qd,vnn3.0,54996,55028,DOKTOR FAUST,doktor_faust,ihm,PPER,ihm,24221,,
qd,vnn3.0,54996,55028,DOKTOR FAUST,doktor_faust,ausbreitend,ADJD,ausbreitend,24221,,
qd,vnn3.0,54996,55028,DOKTOR FAUST,doktor_faust,.,$.,--,24221,,
qd,vnn3.0,55041,55177,DOKTOR FAUST,doktor_faust,Ithuriel,NE,ithuriel,24221,,(8)
qd,vnn3.0,55041,55177,DOKTOR FAUST,doktor_faust,verschwindet,VVFIN,verschwinden,24221,,
qd,vnn3.0,55041,55177,DOKTOR FAUST,doktor_faust,",","$,",--,24221,,
qd,vnn3.0,55041,55177,DOKTOR FAUST,doktor_faust,der,ART,der,24221,,
qd,vnn3.0,55041,55177,DOKTOR FAUST,doktor_faust,Donner,NN,donner,24221,,
qd,vnn3.0,55041,55177,DOKTOR FAUST,doktor_faust,rollt,VVFIN,rollen,24221,,
qd,vnn3.0,55041,55177,DOKTOR FAUST,doktor_faust,",","$,",--,24221,,
qd,vnn3.0,55041,55177,DOKTOR FAUST,doktor_faust,grauses,ADJA,graus,24221,,
qd,vnn3.0,55041,55177,DOKTOR FAUST,doktor_faust,Gelächter,NN,gelächter,24221,,
qd,vnn3.0,55041,55177,DOKTOR FAUST,doktor_faust,der,ART,der,24221,,
qd,vnn3.0,55041,55177,DOKTOR FAUST,doktor_faust,Hölle,NN,hölle,24221,,
qd,vnn3.0,55041,55177,DOKTOR FAUST,doktor_faust,.,$.,--,24221,,
qd,vnn3.0,55041,55177,DOKTOR FAUST,doktor_faust,Doktor,PROAV,doktor,24221,,(5
qd,vnn3.0,55041,55177,DOKTOR FAUST,doktor_faust,Faust,NN,faust,24221,,5)
qd,vnn3.0,55041,55177,DOKTOR FAUST,doktor_faust,fliegt,VVFIN,fliegen,24221,,
qd,vnn3.0,55041,55177,DOKTOR FAUST,doktor_faust,mit,APPR,mit,24221,,
qd,vnn3.0,55041,55177,DOKTOR FAUST,doktor_faust,Mephistopheles,NN,mephistophele,24221,,(1)
qd,vnn3.0,55041,55177,DOKTOR FAUST,doktor_faust,auf,APPR,auf,24221,,
qd,vnn3.0,55041,55177,DOKTOR FAUST,doktor_faust,dem,ART,der,24221,,
qd,vnn3.0,55041,55177,DOKTOR FAUST,doktor_faust,Mantel,NN,mantel,24221,,
qd,vnn3.0,55041,55177,DOKTOR FAUST,doktor_faust,in,APPR,in,24221,,
qd,vnn3.0,55041,55177,DOKTOR FAUST,doktor_faust,die,ART,der,24221,,
qd,vnn3.0,55041,55177,DOKTOR FAUST,doktor_faust,Höhe,NN,höhe,24221,,
qd,vnn3.0,55041,55177,DOKTOR FAUST,doktor_faust,.,$.,--,24221,,
qd,vnn3.0,55234,55318,_Stage,_Stage,Doktor,NE,doktor,24221,,(5
qd,vnn3.0,55234,55318,_Stage,_Stage,Faust,NN,faust,24221,,5)
qd,vnn3.0,55234,55318,_Stage,_Stage,und,KON,und,24221,,
qd,vnn3.0,55234,55318,_Stage,_Stage,Mephistopheles,NN,mephistophele,24221,,(1)
qd,vnn3.0,55234,55318,_Stage,_Stage,auf,APPR,auf,24221,,
qd,vnn3.0,55234,55318,_Stage,_Stage,dem,ART,der,24221,,
qd,vnn3.0,55234,55318,_Stage,_Stage,Mantel,NN,mantel,24221,,
qd,vnn3.0,55234,55318,_Stage,_Stage,in,APPR,in,24221,,
qd,vnn3.0,55234,55318,_Stage,_Stage,den,ART,der,24221,,
qd,vnn3.0,55234,55318,_Stage,_Stage,Lüften,NN,lüft,24221,,
qd,vnn3.0,55234,55318,_Stage,_Stage,",","$,",--,24221,,
qd,vnn3.0,55234,55318,_Stage,_Stage,sich,PRF,sich,24221,,
qd,vnn3.0,55234,55318,_Stage,_Stage,zur,APPRART,zu,24221,,
qd,vnn3.0,55234,55318,_Stage,_Stage,Erde,NN,erde,24221,,
qd,vnn3.0,55234,55318,_Stage,_Stage,senkend,ADJD,senkend,24221,,
qd,vnn3.0,55234,55318,_Stage,_Stage,.,$.,--,24221,,
qd,vnn3.0,58265,58288,MEPHISTOPHELES,mephistopheles,mit,APPR,mit,24221,,
qd,vnn3.0,58265,58288,MEPHISTOPHELES,mephistopheles,furchtbarer,ADJA,furchtbar,24221,,
qd,vnn3.0,58265,58288,MEPHISTOPHELES,mephistopheles,Stimme,NN,stimme,24221,,(41)|(9)
qd,vnn3.0,58265,58288,MEPHISTOPHELES,mephistopheles,.,$.,--,24221,,
qd,vnn3.0,58484,58526,MEPHISTOPHELES,mephistopheles,ihn,PPER,ihn,24221,,
qd,vnn3.0,58484,58526,MEPHISTOPHELES,mephistopheles,bei,APPR,bei,24221,,
qd,vnn3.0,58484,58526,MEPHISTOPHELES,mephistopheles,der,ART,der,24221,,
qd,vnn3.0,58484,58526,MEPHISTOPHELES,mephistopheles,Hand,NN,hand,24221,,
qd,vnn3.0,58484,58526,MEPHISTOPHELES,mephistopheles,fassend,ADJD,fassend,24221,,
qd,vnn3.0,58484,58526,MEPHISTOPHELES,mephistopheles,;,$.,--,24221,,
qd,vnn3.0,58484,58526,MEPHISTOPHELES,mephistopheles,leise,ADJD,leise,24221,,
qd,vnn3.0,58484,58526,MEPHISTOPHELES,mephistopheles,und,KON,und,24221,,
qd,vnn3.0,58484,58526,MEPHISTOPHELES,mephistopheles,sanft,ADJD,sanft,24221,,
qd,vnn3.0,58484,58526,MEPHISTOPHELES,mephistopheles,.,$.,--,24221,,
qd,vnn3.0,59455,59464,MEPHISTOPHELES,mephistopheles,Er,PPER,er,24221,,
qd,vnn3.0,59455,59464,MEPHISTOPHELES,mephistopheles,pocht,VVFIN,pochen,24221,,
qd,vnn3.0,59455,59464,MEPHISTOPHELES,mephistopheles,.,$.,--,24221,,
qd,vnn3.0,59477,59487,LIESE,liese,von,APPR,von,24221,,
qd,vnn3.0,59477,59487,LIESE,liese,innen,ADV,innen,24221,,
qd,vnn3.0,59477,59487,LIESE,liese,.,$.,--,24221,,
qd,vnn3.0,59602,59630,_Stage,_Stage,Liese,NE,liese,24221,,(15)
qd,vnn3.0,59602,59630,_Stage,_Stage,heraustretend,ADJD,heraustretend,24221,,
qd,vnn3.0,59602,59630,_Stage,_Stage,.,$.,--,24221,,
qd,vnn3.0,59602,59630,_Stage,_Stage,Vorige,NN,vorige,24221,,
qd,vnn3.0,59602,59630,_Stage,_Stage,.,$.,--,24221,,
qd,vnn3.0,59718,59761,DOKTOR FAUST,doktor_faust,der,ART,der,24221,,
qd,vnn3.0,59718,59761,DOKTOR FAUST,doktor_faust,rückwärts,ADV,rückwärts,24221,,
qd,vnn3.0,59718,59761,DOKTOR FAUST,doktor_faust,stand,VVFIN,stehen,24221,,
qd,vnn3.0,59718,59761,DOKTOR FAUST,doktor_faust,",","$,",--,24221,,
qd,vnn3.0,59718,59761,DOKTOR FAUST,doktor_faust,in,APPR,in,24221,,
qd,vnn3.0,59718,59761,DOKTOR FAUST,doktor_faust,ihre,PPOSAT,ihr,24221,,
qd,vnn3.0,59718,59761,DOKTOR FAUST,doktor_faust,Arme,NN,arm,24221,,
qd,vnn3.0,59718,59761,DOKTOR FAUST,doktor_faust,stürzend,ADJD,stürzend,24221,,
qd,vnn3.0,59718,59761,DOKTOR FAUST,doktor_faust,.,$.,--,24221,,
qd,vnn3.0,59904,59920,LIESE,liese,Sie,PPER,sie,24221,,
qd,vnn3.0,59904,59920,LIESE,liese,befühlt,VVFIN,befühlen,24221,,
qd,vnn3.0,59904,59920,LIESE,liese,ihn,PPER,ihn,24221,,
qd,vnn3.0,59904,59920,LIESE,liese,.,$.,--,24221,,
qd,vnn3.0,60673,60687,LIESE,liese,Sieht,VVFIN,sehen,24221,,
qd,vnn3.0,60673,60687,LIESE,liese,sich,PRF,sich,24221,,
qd,vnn3.0,60673,60687,LIESE,liese,um,PTKVZ,um,24221,,
qd,vnn3.0,60673,60687,LIESE,liese,.,$.,--,24221,,
qd,vnn3.0,60826,60847,LIESE,liese,Pantomimisch,ADJD,pantomimisch,24221,,
qd,vnn3.0,60826,60847,LIESE,liese,zeigend,ADJD,zeigend,24221,,
qd,vnn3.0,60826,60847,LIESE,liese,.,$.,--,24221,,
qd,vnn3.0,61943,61953,LIESE,liese,verschämt,VVPP,verschämen,24221,,
qd,vnn3.0,61943,61953,LIESE,liese,.,$.,--,24221,,
qd,vnn3.0,62236,62245,LIESE,liese,horchend,ADJD,horchend,24221,,
qd,vnn3.0,62236,62245,LIESE,liese,.,$.,--,24221,,
qd,vnn3.0,62650,62658,LIESE,liese,Will,NE,wollen,24221,,
qd,vnn3.0,62650,62658,LIESE,liese,ab,PTKVZ,ab,24221,,
qd,vnn3.0,62650,62658,LIESE,liese,.,$.,--,24221,,
qd,vnn3.0,62858,62867,LIESE,liese,Hüpft,NN,hüpft,24221,,
qd,vnn3.0,62858,62867,LIESE,liese,ab,PTKVZ,ab,24221,,
qd,vnn3.0,62858,62867,LIESE,liese,.,$.,--,24221,,
qd,vnn3.0,62908,62937,_Stage,_Stage,Doktor,PROAV,doktor,24221,,(5
qd,vnn3.0,62908,62937,_Stage,_Stage,Faust,NN,faust,24221,,5)
qd,vnn3.0,62908,62937,_Stage,_Stage,.,$.,--,24221,,
qd,vnn3.0,62908,62937,_Stage,_Stage,Mephistopheles,NE,mephistopheles,24221,,(1)
qd,vnn3.0,62908,62937,_Stage,_Stage,.,$.,--,24221,,
qd,vnn3.0,62954,63003,DOKTOR FAUST,doktor_faust,mit,APPR,mit,24221,,
qd,vnn3.0,62954,63003,DOKTOR FAUST,doktor_faust,geschlungenen,ADJA,geschlungen,24221,,
qd,vnn3.0,62954,63003,DOKTOR FAUST,doktor_faust,Armen,NN,arm,24221,,
qd,vnn3.0,62954,63003,DOKTOR FAUST,doktor_faust,sprachlos,ADJD,sprachlos,24221,,
qd,vnn3.0,62954,63003,DOKTOR FAUST,doktor_faust,ihr,PPOSAT,ihr,24221,,
qd,vnn3.0,62954,63003,DOKTOR FAUST,doktor_faust,nachsehend,ADJD,nachsehend,24221,,
qd,vnn3.0,62954,63003,DOKTOR FAUST,doktor_faust,.,$.,--,24221,,
qd,vnn3.0,63024,63045,MEPHISTOPHELES,mephistopheles,wieder,ADV,wieder,24221,,
qd,vnn3.0,63024,63045,MEPHISTOPHELES,mephistopheles,hervortretend,ADJD,hervortretend,24221,,
qd,vnn3.0,63024,63045,MEPHISTOPHELES,mephistopheles,.,$.,--,24221,,
qd,vnn3.0,63157,63197,DOKTOR FAUST,doktor_faust,Mephistopheles,NE,mephistopheles,24221,,(1)
qd,vnn3.0,63157,63197,DOKTOR FAUST,doktor_faust,legt,VVFIN,legen,24221,,
qd,vnn3.0,63157,63197,DOKTOR FAUST,doktor_faust,ihn,PPER,ihn,24221,,
qd,vnn3.0,63157,63197,DOKTOR FAUST,doktor_faust,an,APPR,an,24221,,
qd,vnn3.0,63157,63197,DOKTOR FAUST,doktor_faust,Liesens,NE,liesen,24221,,
qd,vnn3.0,63157,63197,DOKTOR FAUST,doktor_faust,Türe,NE,türe,24221,,
qd,vnn3.0,63157,63197,DOKTOR FAUST,doktor_faust,.,$.,--,24221,,
qd,vnn3.0,63286,63315,_Stage,_Stage,Mephistopheles,NE,mephistopheles,24221,,(1)
qd,vnn3.0,63286,63315,_Stage,_Stage,.,$.,--,24221,,
qd,vnn3.0,63286,63315,_Stage,_Stage,Doktor,PROAV,doktor,24221,,(5
qd,vnn3.0,63286,63315,_Stage,_Stage,Faust,NN,faust,24221,,5)
qd,vnn3.0,63286,63315,_Stage,_Stage,.,$.,--,24221,,
qd,vnn3.0,63318,63379,_Stage,_Stage,Fausts,NE,faust,24221,,(6
qd,vnn3.0,63318,63379,_Stage,_Stage,Vater,NN,vater,24221,,6)
qd,vnn3.0,63318,63379,_Stage,_Stage,auf,APPR,auf,24221,,
qd,vnn3.0,63318,63379,_Stage,_Stage,einem,ART,ein,24221,,
qd,vnn3.0,63318,63379,_Stage,_Stage,Stein,NN,stein,24221,,
qd,vnn3.0,63318,63379,_Stage,_Stage,in,APPR,in,24221,,
qd,vnn3.0,63318,63379,_Stage,_Stage,der,ART,der,24221,,
qd,vnn3.0,63318,63379,_Stage,_Stage,Tiefe,NN,tiefe,24221,,
qd,vnn3.0,63318,63379,_Stage,_Stage,in,APPR,in,24221,,
qd,vnn3.0,63318,63379,_Stage,_Stage,Bettlerkleidung,NN,bettlerkleidung,24221,,
qd,vnn3.0,63318,63379,_Stage,_Stage,.,$.,--,24221,,
qd,vnn3.0,63510,63554,DOKTOR FAUST,doktor_faust,auf,APPR,auf,24221,,
qd,vnn3.0,63510,63554,DOKTOR FAUST,doktor_faust,ihn,PPER,ihn,24221,,
qd,vnn3.0,63510,63554,DOKTOR FAUST,doktor_faust,zustürzend,ADJD,zustürzend,24221,,
qd,vnn3.0,63510,63554,DOKTOR FAUST,doktor_faust,",","$,",--,24221,,
qd,vnn3.0,63510,63554,DOKTOR FAUST,doktor_faust,zu,APPR,zu,24221,,
qd,vnn3.0,63510,63554,DOKTOR FAUST,doktor_faust,seinen,PPOSAT,sein,24221,,
qd,vnn3.0,63510,63554,DOKTOR FAUST,doktor_faust,Füßen,NN,fuß,24221,,
qd,vnn3.0,63510,63554,DOKTOR FAUST,doktor_faust,sinkend,ADJD,sinkend,24221,,
qd,vnn3.0,63510,63554,DOKTOR FAUST,doktor_faust,.,$.,--,24221,,
qd,vnn3.0,66337,66345,DOKTOR FAUST,doktor_faust,ernster,ADJD,ernst,24221,,
qd,vnn3.0,66337,66345,DOKTOR FAUST,doktor_faust,.,$.,--,24221,,
qd,vnn3.0,66958,66982,FAUSTS VATER,fausts_vater,ihm,PPER,ihm,24221,,
qd,vnn3.0,66958,66982,FAUSTS VATER,fausts_vater,um,APPR,um,24221,,
qd,vnn3.0,66958,66982,FAUSTS VATER,fausts_vater,den,ART,der,24221,,
qd,vnn3.0,66958,66982,FAUSTS VATER,fausts_vater,Hals,NN,hals,24221,,
qd,vnn3.0,66958,66982,FAUSTS VATER,fausts_vater,fallend,ADJD,fallend,24221,,
qd,vnn3.0,66958,66982,FAUSTS VATER,fausts_vater,.,$.,--,24221,,
qd,vnn3.0,67101,67125,FAUSTS VATER,fausts_vater,auf,APPR,auf,24221,,
qd,vnn3.0,67101,67125,FAUSTS VATER,fausts_vater,das,ART,der,24221,,
qd,vnn3.0,67101,67125,FAUSTS VATER,fausts_vater,Schloß,NN,schloß,24221,,
qd,vnn3.0,67101,67125,FAUSTS VATER,fausts_vater,zueilend,ADJD,zueilend,24221,,
qd,vnn3.0,67101,67125,FAUSTS VATER,fausts_vater,.,$.,--,24221,,
qd,vnn3.0,67148,67151,FAUSTS VATER,fausts_vater,Ab,APPR,ab,24221,,
qd,vnn3.0,67148,67151,FAUSTS VATER,fausts_vater,.,$.,--,24221,,
qd,vnn3.0,67192,67221,_Stage,_Stage,Doktor,PROAV,doktor,24221,,(5
qd,vnn3.0,67192,67221,_Stage,_Stage,Faust,NN,faust,24221,,5)
qd,vnn3.0,67192,67221,_Stage,_Stage,.,$.,--,24221,,
qd,vnn3.0,67192,67221,_Stage,_Stage,Mephistopheles,NE,mephistopheles,24221,,(1)
qd,vnn3.0,67192,67221,_Stage,_Stage,.,$.,--,24221,,
qd,vnn3.0,67375,67391,MEPHISTOPHELES,mephistopheles,sich,PRF,sich,24221,,
qd,vnn3.0,67375,67391,MEPHISTOPHELES,mephistopheles,ihm,PPER,ihm,24221,,
qd,vnn3.0,67375,67391,MEPHISTOPHELES,mephistopheles,nahend,ADJD,nahend,24221,,
qd,vnn3.0,67375,67391,MEPHISTOPHELES,mephistopheles,.,$.,--,24221,,
qd,vnn3.0,67931,67949,DOKTOR FAUST,doktor_faust,Sie,PPER,sie,24221,,
qd,vnn3.0,67931,67949,DOKTOR FAUST,doktor_faust,fliegen,VVFIN,fliegen,24221,,
qd,vnn3.0,67931,67949,DOKTOR FAUST,doktor_faust,davon,PROAV,davon,24221,,
qd,vnn3.0,67931,67949,DOKTOR FAUST,doktor_faust,.,$.,--,24221,,
qd,vnn3.0,67990,68009,_Stage,_Stage,Glänzender,ADJA,glänzend,24221,,
qd,vnn3.0,67990,68009,_Stage,_Stage,Gasthof,NN,gasthof,24221,,
qd,vnn3.0,67990,68009,_Stage,_Stage,.,$.,--,24221,,
qd,vnn3.0,68012,68051,_Stage,_Stage,Doktor,PROAV,doktor,24221,,(5
qd,vnn3.0,68012,68051,_Stage,_Stage,Faust,NN,faust,24221,,5)
qd,vnn3.0,68012,68051,_Stage,_Stage,.,$.,--,24221,,
qd,vnn3.0,68012,68051,_Stage,_Stage,Mephistopheles,NE,mephistopheles,24221,,(1)
qd,vnn3.0,68012,68051,_Stage,_Stage,.,$.,--,24221,,
qd,vnn3.0,68012,68051,_Stage,_Stage,Der,ART,der,24221,,
qd,vnn3.0,68012,68051,_Stage,_Stage,Wirt,NN,wirt,24221,,(16)
qd,vnn3.0,68012,68051,_Stage,_Stage,.,$.,--,24221,,
qd,vnn3.0,68272,68306,DOKTOR FAUST,doktor_faust,Wirt,NE,wirt,24221,,(16)
qd,vnn3.0,68272,68306,DOKTOR FAUST,doktor_faust,unter,APPR,unter,24221,,
qd,vnn3.0,68272,68306,DOKTOR FAUST,doktor_faust,vielen,PIDAT,vieler,24221,,
qd,vnn3.0,68272,68306,DOKTOR FAUST,doktor_faust,Komplimenten,NN,kompliment,24221,,
qd,vnn3.0,68272,68306,DOKTOR FAUST,doktor_faust,ab,PTKVZ,ab,24221,,
qd,vnn3.0,68272,68306,DOKTOR FAUST,doktor_faust,.,$.,--,24221,,
qd,vnn3.0,68347,68376,_Stage,_Stage,Doktor,PROAV,doktor,24221,,(5
qd,vnn3.0,68347,68376,_Stage,_Stage,Faust,NN,faust,24221,,5)
qd,vnn3.0,68347,68376,_Stage,_Stage,.,$.,--,24221,,
qd,vnn3.0,68347,68376,_Stage,_Stage,Mephistopheles,NE,mephistopheles,24221,,(1)
qd,vnn3.0,68347,68376,_Stage,_Stage,.,$.,--,24221,,
qd,vnn3.0,70979,70999,DOKTOR FAUST,doktor_faust,allein,ADV,allein,24221,,
qd,vnn3.0,70979,70999,DOKTOR FAUST,doktor_faust,",","$,",--,24221,,
qd,vnn3.0,70979,70999,DOKTOR FAUST,doktor_faust,umhergehend,ADJD,umhergehend,24221,,
qd,vnn3.0,70979,70999,DOKTOR FAUST,doktor_faust,.,$.,--,24221,,
qd,vnn3.0,72083,72108,_Stage,_Stage,Ein,ART,ein,24221,,
qd,vnn3.0,72083,72108,_Stage,_Stage,Eremit,NN,eremit,24221,,(17)
qd,vnn3.0,72083,72108,_Stage,_Stage,.,$.,--,24221,,
qd,vnn3.0,72083,72108,_Stage,_Stage,Doktor,PROAV,doktor,24221,,(5
qd,vnn3.0,72083,72108,_Stage,_Stage,Faust,NN,faust,24221,,5)
qd,vnn3.0,72083,72108,_Stage,_Stage,.,$.,--,24221,,
qd,vnn3.0,72245,72258,DOKTOR FAUST,doktor_faust,halb,ADJD,halb,24221,,
qd,vnn3.0,72245,72258,DOKTOR FAUST,doktor_faust,abwärts,ADV,abwärts,24221,,
qd,vnn3.0,72245,72258,DOKTOR FAUST,doktor_faust,.,$.,--,24221,,
qd,vnn3.0,72724,72740,DOKTOR FAUST,doktor_faust,ihn,PPER,ihn,24221,,
qd,vnn3.0,72724,72740,DOKTOR FAUST,doktor_faust,beobachtend,ADJD,beobachtend,24221,,
qd,vnn3.0,72724,72740,DOKTOR FAUST,doktor_faust,.,$.,--,24221,,
qd,vnn3.0,73962,73972,DOKTOR FAUST,doktor_faust,Eremit,NN,eremit,24221,,(17)
qd,vnn3.0,73962,73972,DOKTOR FAUST,doktor_faust,ab,PTKVZ,ab,24221,,
qd,vnn3.0,73962,73972,DOKTOR FAUST,doktor_faust,.,$.,--,24221,,
qd,vnn3.0,74015,74066,_Stage,_Stage,Ein,ART,ein,24221,,
qd,vnn3.0,74015,74066,_Stage,_Stage,Mädchen,NN,mädchen,24221,,
qd,vnn3.0,74015,74066,_Stage,_Stage,zu,APPR,zu,24221,,
qd,vnn3.0,74015,74066,_Stage,_Stage,Fausts,NN,faust,24221,,
qd,vnn3.0,74015,74066,_Stage,_Stage,Füßen,NN,fuß,24221,,
qd,vnn3.0,74015,74066,_Stage,_Stage,stürzend,ADJD,stürzend,24221,,
qd,vnn3.0,74015,74066,_Stage,_Stage,.,$.,--,24221,,
qd,vnn3.0,74015,74066,_Stage,_Stage,Doktor,PROAV,doktor,24221,,(5
qd,vnn3.0,74015,74066,_Stage,_Stage,Faust,NN,faust,24221,,5)
qd,vnn3.0,74015,74066,_Stage,_Stage,.,$.,--,24221,,
qd,vnn3.0,74721,74731,MÄDCHEN,mädchen,von,APPR,von,24221,,
qd,vnn3.0,74721,74731,MÄDCHEN,mädchen,außen,ADV,außen,24221,,
qd,vnn3.0,74721,74731,MÄDCHEN,mädchen,.,$.,--,24221,,
qd,vnn3.0,74793,74826,_Stage,_Stage,Ein,ART,ein,24221,,
qd,vnn3.0,74793,74826,_Stage,_Stage,Mann,NN,mann,24221,,(19)
qd,vnn3.0,74793,74826,_Stage,_Stage,in,APPR,in,24221,,
qd,vnn3.0,74793,74826,_Stage,_Stage,Lumpen,NE,lumpen,24221,,
qd,vnn3.0,74793,74826,_Stage,_Stage,.,$.,--,24221,,
qd,vnn3.0,74793,74826,_Stage,_Stage,Doktor,PROAV,doktor,24221,,(5
qd,vnn3.0,74793,74826,_Stage,_Stage,Faust,NN,faust,24221,,5)
qd,vnn3.0,74793,74826,_Stage,_Stage,.,$.,--,24221,,
qd,vnn3.0,75679,75682,DOKTOR FAUST,doktor_faust,Ab,APPR,ab,24221,,
qd,vnn3.0,75679,75682,DOKTOR FAUST,doktor_faust,.,$.,--,24221,,
qd,vnn3.0,75725,75749,_Stage,_Stage,Ein,ART,ein,24221,,
qd,vnn3.0,75725,75749,_Stage,_Stage,Alter,NN,alter,24221,,(20)
qd,vnn3.0,75725,75749,_Stage,_Stage,.,$.,--,24221,,
qd,vnn3.0,75725,75749,_Stage,_Stage,Doktor,PROAV,doktor,24221,,(5
qd,vnn3.0,75725,75749,_Stage,_Stage,Faust,NN,faust,24221,,5)
qd,vnn3.0,75725,75749,_Stage,_Stage,.,$.,--,24221,,
qd,vnn3.0,76489,76492,ALTER,alter,Ab,APPR,ab,24221,,
qd,vnn3.0,76489,76492,ALTER,alter,.,$.,--,24221,,
qd,vnn3.0,76536,76551,_Stage,_Stage,Maler,NN,maler,24221,,(21)
qd,vnn3.0,76536,76551,_Stage,_Stage,.,$.,--,24221,,
qd,vnn3.0,76536,76551,_Stage,_Stage,Voriger,NE,voriger,24221,,
qd,vnn3.0,76536,76551,_Stage,_Stage,.,$.,--,24221,,
qd,vnn3.0,77119,77140,MALER,maler,sein,PPOSAT,sein,24221,,
qd,vnn3.0,77119,77140,MALER,maler,Gemälde,NN,gemälde,24221,,
qd,vnn3.0,77119,77140,MALER,maler,zeigend,ADJD,zeigend,24221,,
qd,vnn3.0,77119,77140,MALER,maler,.,$.,--,24221,,
qd,vnn3.0,77776,77785,DOKTOR FAUST,doktor_faust,Maler,NN,maler,24221,,(21)
qd,vnn3.0,77776,77785,DOKTOR FAUST,doktor_faust,ab,PTKVZ,ab,24221,,
qd,vnn3.0,77776,77785,DOKTOR FAUST,doktor_faust,.,$.,--,24221,,
qd,vnn3.0,77828,77852,_Stage,_Stage,Eine,ART,ein,24221,,
qd,vnn3.0,77828,77852,_Stage,_Stage,Dame,NN,--,24221,,(22)
qd,vnn3.0,77828,77852,_Stage,_Stage,.,$.,--,24221,,
qd,vnn3.0,77828,77852,_Stage,_Stage,Doktor,PROAV,doktor,24221,,(5
qd,vnn3.0,77828,77852,_Stage,_Stage,Faust,NN,faust,24221,,5)
qd,vnn3.0,77828,77852,_Stage,_Stage,.,$.,--,24221,,
qd,vnn3.0,78457,78460,DAME,dame,Ab,APPR,ab,24221,,
qd,vnn3.0,78457,78460,DAME,dame,.,$.,--,24221,,
qd,vnn3.0,78517,78524,DOKTOR FAUST,doktor_faust,allein,ADV,allein,24221,,
qd,vnn3.0,78517,78524,DOKTOR FAUST,doktor_faust,.,$.,--,24221,,
qd,vnn3.0,78665,78694,_Stage,_Stage,Mephistopheles,NE,mephistopheles,24221,,(1)
qd,vnn3.0,78665,78694,_Stage,_Stage,.,$.,--,24221,,
qd,vnn3.0,78665,78694,_Stage,_Stage,Doktor,PROAV,doktor,24221,,(5
qd,vnn3.0,78665,78694,_Stage,_Stage,Faust,NN,faust,24221,,5)
qd,vnn3.0,78665,78694,_Stage,_Stage,.,$.,--,24221,,
qd,vnn3.0,79223,79261,DOKTOR FAUST,doktor_faust,Mephistopheles,NE,mephistopheles,24221,,(1)
qd,vnn3.0,79223,79261,DOKTOR FAUST,doktor_faust,verschwindet,VVFIN,verschwinden,24221,,
qd,vnn3.0,79223,79261,DOKTOR FAUST,doktor_faust,;,$.,--,24221,,
qd,vnn3.0,79223,79261,DOKTOR FAUST,doktor_faust,Geräusch,NE,geräusch,24221,,
qd,vnn3.0,79223,79261,DOKTOR FAUST,doktor_faust,.,$.,--,24221,,
qd,vnn3.0,79408,79450,_Stage,_Stage,Ein,ART,ein,24221,,
qd,vnn3.0,79408,79450,_Stage,_Stage,Geist,NN,geist,24221,,(23)
qd,vnn3.0,79408,79450,_Stage,_Stage,im,APPRART,in,24221,,
qd,vnn3.0,79408,79450,_Stage,_Stage,Priestergewand,NN,priestergewand,24221,,
qd,vnn3.0,79408,79450,_Stage,_Stage,.,$.,--,24221,,
qd,vnn3.0,79408,79450,_Stage,_Stage,Doktor,PROAV,doktor,24221,,(5
qd,vnn3.0,79408,79450,_Stage,_Stage,Faust,NN,faust,24221,,5)
qd,vnn3.0,79408,79450,_Stage,_Stage,.,$.,--,24221,,
qd,vnn3.0,84118,84143,ITHURIEL,ithuriel,in,APPR,in,24221,,
qd,vnn3.0,84118,84143,ITHURIEL,ithuriel,seiner,PPOSAT,sein,24221,,
qd,vnn3.0,84118,84143,ITHURIEL,ithuriel,wahren,ADJA,wahr,24221,,
qd,vnn3.0,84118,84143,ITHURIEL,ithuriel,Gestalt,NN,gestalt,24221,,
qd,vnn3.0,84118,84143,ITHURIEL,ithuriel,.,$.,--,24221,,
qd,vnn3.0,84188,84208,ITHURIEL,ithuriel,Sinkt,NN,sinkt,24221,,
qd,vnn3.0,84188,84208,ITHURIEL,ithuriel,in,APPR,in,24221,,
qd,vnn3.0,84188,84208,ITHURIEL,ithuriel,seine,PPOSAT,sein,24221,,
qd,vnn3.0,84188,84208,ITHURIEL,ithuriel,Arme,NN,arm,24221,,
qd,vnn3.0,84188,84208,ITHURIEL,ithuriel,.,$.,--,24221,,
qd,vnn3.0,84265,84294,_Stage,_Stage,Mephistopheles,NE,mephistopheles,24221,,(1)
qd,vnn3.0,84265,84294,_Stage,_Stage,.,$.,--,24221,,
qd,vnn3.0,84265,84294,_Stage,_Stage,Doktor,PROAV,doktor,24221,,(5
qd,vnn3.0,84265,84294,_Stage,_Stage,Faust,NN,faust,24221,,5)
qd,vnn3.0,84265,84294,_Stage,_Stage,.,$.,--,24221,,
qd,vnn3.0,85436,85439,DOKTOR FAUST,doktor_faust,Ihn,CARD,ihn,24221,,
qd,vnn3.0,86519,86546,_Stage,_Stage,Sokrates,NE,sokrat,24221,,(24)
qd,vnn3.0,86519,86546,_Stage,_Stage,erscheint,VVFIN,erscheinen,24221,,
qd,vnn3.0,86519,86546,_Stage,_Stage,.,$.,--,24221,,
qd,vnn3.0,86519,86546,_Stage,_Stage,Vorige,NN,vorige,24221,,
qd,vnn3.0,86519,86546,_Stage,_Stage,.,$.,--,24221,,
qd,vnn3.0,87459,87472,SOKRATES,sokrates,Verschwindet,VVPP,verschwinden,24221,,
qd,vnn3.0,87459,87472,SOKRATES,sokrates,.,$.,--,24221,,
qd,vnn3.0,87568,87580,DOKTOR FAUST,doktor_faust,Nachdenkend,ADJD,nachdenkend,24221,,
qd,vnn3.0,87568,87580,DOKTOR FAUST,doktor_faust,.,$.,--,24221,,
qd,vnn3.0,87721,87754,_Stage,_Stage,Cato,NE,cato,24221,,(25)
qd,vnn3.0,87721,87754,_Stage,_Stage,von,APPR,von,24221,,
qd,vnn3.0,87721,87754,_Stage,_Stage,Utika,NE,utika,24221,,
qd,vnn3.0,87721,87754,_Stage,_Stage,erscheint,VVFIN,erscheinen,24221,,
qd,vnn3.0,87721,87754,_Stage,_Stage,.,$.,--,24221,,
qd,vnn3.0,87721,87754,_Stage,_Stage,Vorige,NN,vorige,24221,,
qd,vnn3.0,87721,87754,_Stage,_Stage,.,$.,--,24221,,
qd,vnn3.0,87803,87821,DOKTOR FAUST,doktor_faust,Zu,PTKZU,zu,24221,,
qd,vnn3.0,87803,87821,DOKTOR FAUST,doktor_faust,Mephistopheles,VVINF,mephistopheles,24221,,(1)
qd,vnn3.0,87803,87821,DOKTOR FAUST,doktor_faust,.,$.,--,24221,,
qd,vnn3.0,88410,88423,CATO,cato,Verschwindet,VVPP,verschwinden,24221,,
qd,vnn3.0,88410,88423,CATO,cato,.,$.,--,24221,,
qd,vnn3.0,88504,88528,_Stage,_Stage,Solon,NE,solon,24221,,(26)
qd,vnn3.0,88504,88528,_Stage,_Stage,erscheint,VVFIN,erscheinen,24221,,
qd,vnn3.0,88504,88528,_Stage,_Stage,.,$.,--,24221,,
qd,vnn3.0,88504,88528,_Stage,_Stage,Vorige,NN,vorige,24221,,
qd,vnn3.0,88504,88528,_Stage,_Stage,.,$.,--,24221,,
qd,vnn3.0,89083,89096,SOLON,solon,Verschwindet,VVPP,verschwinden,24221,,
qd,vnn3.0,89083,89096,SOLON,solon,.,$.,--,24221,,
qd,vnn3.0,89137,89166,_Stage,_Stage,Doktor,PROAV,doktor,24221,,(5
qd,vnn3.0,89137,89166,_Stage,_Stage,Faust,NN,faust,24221,,5)
qd,vnn3.0,89137,89166,_Stage,_Stage,.,$.,--,24221,,
qd,vnn3.0,89137,89166,_Stage,_Stage,Mephistopheles,NE,mephistopheles,24221,,(1)
qd,vnn3.0,89137,89166,_Stage,_Stage,.,$.,--,24221,,
qd,vnn3.0,89694,89716,_Stage,_Stage,Vorzimmer,NN,vorzimmer,24221,,
qd,vnn3.0,89694,89716,_Stage,_Stage,des,ART,der,24221,,
qd,vnn3.0,89694,89716,_Stage,_Stage,Fürsten,NN,fürst,24221,,
qd,vnn3.0,89694,89716,_Stage,_Stage,.,$.,--,24221,,
qd,vnn3.0,89719,89748,_Stage,_Stage,Doktor,PROAV,doktor,24221,,(5
qd,vnn3.0,89719,89748,_Stage,_Stage,Faust,NN,faust,24221,,5)
qd,vnn3.0,89719,89748,_Stage,_Stage,.,$.,--,24221,,
qd,vnn3.0,89719,89748,_Stage,_Stage,Mephistopheles,NE,mephistopheles,24221,,(1)
qd,vnn3.0,89719,89748,_Stage,_Stage,.,$.,--,24221,,
qd,vnn3.0,90540,90557,_Stage,_Stage,Höflinge,NE,höfling,24221,,
qd,vnn3.0,90540,90557,_Stage,_Stage,.,$.,--,24221,,
qd,vnn3.0,90540,90557,_Stage,_Stage,Vorige,NN,vorige,24221,,
qd,vnn3.0,90540,90557,_Stage,_Stage,.,$.,--,24221,,
qd,vnn3.0,90574,90592,DOKTOR FAUST,doktor_faust,zu,PTKZU,zu,24221,,
qd,vnn3.0,90574,90592,DOKTOR FAUST,doktor_faust,Mephistopheles,VVINF,mephistopheles,24221,,(1)
qd,vnn3.0,90574,90592,DOKTOR FAUST,doktor_faust,.,$.,--,24221,,
qd,vnn3.0,92604,92621,DOKTOR FAUST,doktor_faust,Zu,APPR,zu,24221,,
qd,vnn3.0,92604,92621,DOKTOR FAUST,doktor_faust,den,ART,der,24221,,
qd,vnn3.0,92604,92621,DOKTOR FAUST,doktor_faust,Höflingen,NN,höflingen,24221,,
qd,vnn3.0,92604,92621,DOKTOR FAUST,doktor_faust,.,$.,--,24221,,
qd,vnn3.0,93744,93759,DOKTOR FAUST,doktor_faust,Magia,NE,magia,24221,,
qd,vnn3.0,93744,93759,DOKTOR FAUST,doktor_faust,naturalis,NE,naturalis,24221,,
qd,vnn3.0,94107,94147,DOKTOR FAUST,doktor_faust,Er,PPER,er,24221,,
qd,vnn3.0,94107,94147,DOKTOR FAUST,doktor_faust,zeigt,VVFIN,zeigen,24221,,
qd,vnn3.0,94107,94147,DOKTOR FAUST,doktor_faust,dem,ART,der,24221,,
qd,vnn3.0,94107,94147,DOKTOR FAUST,doktor_faust,ersten,ADJA,erster,24221,,
qd,vnn3.0,94107,94147,DOKTOR FAUST,doktor_faust,Höfling,NN,höfling,24221,,
qd,vnn3.0,94107,94147,DOKTOR FAUST,doktor_faust,den,ART,der,24221,,
qd,vnn3.0,94107,94147,DOKTOR FAUST,doktor_faust,Spiegel,NN,spiegel,24221,,
qd,vnn3.0,94107,94147,DOKTOR FAUST,doktor_faust,.,$.,--,24221,,
qd,vnn3.0,94203,94233,DOKTOR FAUST,doktor_faust,Wie,PWAV,wie,24221,,
qd,vnn3.0,94203,94233,DOKTOR FAUST,doktor_faust,oben,ADV,oben,24221,,
qd,vnn3.0,94203,94233,DOKTOR FAUST,doktor_faust,",","$,",--,24221,,
qd,vnn3.0,94203,94233,DOKTOR FAUST,doktor_faust,dem,ART,der,24221,,
qd,vnn3.0,94203,94233,DOKTOR FAUST,doktor_faust,zweiten,ADJA,zweiter,24221,,
qd,vnn3.0,94203,94233,DOKTOR FAUST,doktor_faust,Höfling,NN,höfling,24221,,
qd,vnn3.0,94203,94233,DOKTOR FAUST,doktor_faust,.,$.,--,24221,,
qd,vnn3.0,94270,94300,DOKTOR FAUST,doktor_faust,Wie,PWAV,wie,24221,,
qd,vnn3.0,94270,94300,DOKTOR FAUST,doktor_faust,oben,ADV,oben,24221,,
qd,vnn3.0,94270,94300,DOKTOR FAUST,doktor_faust,",","$,",--,24221,,
qd,vnn3.0,94270,94300,DOKTOR FAUST,doktor_faust,dem,ART,der,24221,,
qd,vnn3.0,94270,94300,DOKTOR FAUST,doktor_faust,dritten,ADJA,dritter,24221,,
qd,vnn3.0,94270,94300,DOKTOR FAUST,doktor_faust,Höfling,NN,höfling,24221,,
qd,vnn3.0,94270,94300,DOKTOR FAUST,doktor_faust,.,$.,--,24221,,
qd,vnn3.0,94488,94499,Unter,APPR,unter,24221,,
qd,vnn3.0,94488,94499,sich,PRF,sich,24221,,
qd,vnn3.0,94488,94499,.,$.,--,24221,,
qd,vnn3.0,95633,95653,Vertraulich,ADJD,vertraulich,24221,,
qd,vnn3.0,95633,95653,ins,APPRART,in,24221,,
qd,vnn3.0,95633,95653,Ohr,NN,ohr,24221,,
qd,vnn3.0,95633,95653,.,$.,--,24221,,
qd,vnn3.0,96109,96127,_Stage,_Stage,Der,ART,der,24221,,
qd,vnn3.0,96109,96127,_Stage,_Stage,Fürst,NN,fürst,24221,,
qd,vnn3.0,96109,96127,_Stage,_Stage,.,$.,--,24221,,
qd,vnn3.0,96109,96127,_Stage,_Stage,Vorige,NN,vorige,24221,,
qd,vnn3.0,96109,96127,_Stage,_Stage,.,$.,--,24221,,
qd,vnn3.0,96137,96153,FÜRST,fürst,zu,APPR,zu,24221,,
qd,vnn3.0,96137,96153,FÜRST,fürst,Doktor,NN,doktor,24221,,(5
qd,vnn3.0,96137,96153,FÜRST,fürst,Faust,NN,faust,24221,,5)
qd,vnn3.0,96137,96153,FÜRST,fürst,.,$.,--,24221,,
qd,vnn3.0,96251,96260,halblaut,VVPP,halblauen,24221,,
qd,vnn3.0,96251,96260,.,$.,--,24221,,
qd,vnn3.0,97132,97149,FÜRST,fürst,Zu,APPR,zu,24221,,
qd,vnn3.0,97132,97149,FÜRST,fürst,den,ART,der,24221,,
qd,vnn3.0,97132,97149,FÜRST,fürst,Höflingen,NN,höflingen,24221,,
qd,vnn3.0,97132,97149,FÜRST,fürst,.,$.,--,24221,,
qd,vnn3.0,101027,101034,lachen,VVFIN,lachen,24221,,
qd,vnn3.0,101027,101034,.,$.,--,24221,,
qd,vnn3.0,103109,103133,Die,ART,der,24221,,
qd,vnn3.0,103109,103133,Wache,NN,wache,24221,,
qd,vnn3.0,103109,103133,naht,VVFIN,nahen,24221,,
qd,vnn3.0,103109,103133,sich,PRF,sich,24221,,
qd,vnn3.0,103109,103133,ihm,PPER,ihm,24221,,
qd,vnn3.0,103109,103133,.,$.,--,24221,,
qd,vnn3.0,103153,103197,DOKTOR FAUST,doktor_faust,macht,VVFIN,machen,24221,,
qd,vnn3.0,103153,103197,DOKTOR FAUST,doktor_faust,ein,ART,ein,24221,,
qd,vnn3.0,103153,103197,DOKTOR FAUST,doktor_faust,Zeichen,NN,zeichen,24221,,
qd,vnn3.0,103153,103197,DOKTOR FAUST,doktor_faust,;,$.,--,24221,,
qd,vnn3.0,103153,103197,DOKTOR FAUST,doktor_faust,alles,PIS,alle,24221,,
qd,vnn3.0,103153,103197,DOKTOR FAUST,doktor_faust,bleibt,VVFIN,bleiben,24221,,
qd,vnn3.0,103153,103197,DOKTOR FAUST,doktor_faust,unbeweglich,ADJD,unbeweglich,24221,,
qd,vnn3.0,103153,103197,DOKTOR FAUST,doktor_faust,.,$.,--,24221,,
qd,vnn3.0,103382,103407,DOKTOR FAUST,doktor_faust,Der,ART,der,24221,,
qd,vnn3.0,103382,103407,DOKTOR FAUST,doktor_faust,ganze,ADJA,ganz,24221,,
qd,vnn3.0,103382,103407,DOKTOR FAUST,doktor_faust,Hofstaat,NN,hofstaat,24221,,
qd,vnn3.0,103382,103407,DOKTOR FAUST,doktor_faust,nickt,VVFIN,nicken,24221,,
qd,vnn3.0,103382,103407,DOKTOR FAUST,doktor_faust,.,$.,--,24221,,
qd,vnn3.0,103587,103645,_Stage,_Stage,Doktor,PROAV,doktor,24221,,(5
qd,vnn3.0,103587,103645,_Stage,_Stage,Faust,NN,faust,24221,,5)
qd,vnn3.0,103587,103645,_Stage,_Stage,in,APPR,in,24221,,
qd,vnn3.0,103587,103645,_Stage,_Stage,einem,ART,ein,24221,,
qd,vnn3.0,103587,103645,_Stage,_Stage,prachtvollen,ADJA,prachtvoll,24221,,
qd,vnn3.0,103587,103645,_Stage,_Stage,Zimmer,NN,zimmer,24221,,
qd,vnn3.0,103587,103645,_Stage,_Stage,.,$.,--,24221,,
qd,vnn3.0,103587,103645,_Stage,_Stage,Mephistopheles,NE,mephistopheles,24221,,(1)
qd,vnn3.0,103587,103645,_Stage,_Stage,.,$.,--,24221,,
qd,vnn3.0,104366,104380,MEPHISTOPHELES,mephistopheles,halb,ADJD,halb,24221,,
qd,vnn3.0,104366,104380,MEPHISTOPHELES,mephistopheles,für,APPR,für,24221,,
qd,vnn3.0,104366,104380,MEPHISTOPHELES,mephistopheles,sich,PRF,sich,24221,,
qd,vnn3.0,104366,104380,MEPHISTOPHELES,mephistopheles,.,$.,--,24221,,
qd,vnn3.0,104443,104454,DOKTOR FAUST,doktor_faust,schwärmend,ADJD,schwärmend,24221,,
qd,vnn3.0,104443,104454,DOKTOR FAUST,doktor_faust,.,$.,--,24221,,
qd,vnn3.0,106930,106938,DOKTOR FAUST,doktor_faust,sinnend,ADJD,sinnend,24221,,
qd,vnn3.0,106930,106938,DOKTOR FAUST,doktor_faust,.,$.,--,24221,,
qd,vnn3.0,107025,107048,MEPHISTOPHELES,mephistopheles,mit,APPR,mit,24221,,
qd,vnn3.0,107025,107048,MEPHISTOPHELES,mephistopheles,furchtbarer,ADJA,furchtbar,24221,,
qd,vnn3.0,107025,107048,MEPHISTOPHELES,mephistopheles,Stimme,NN,stimme,24221,,(41)|(9)
qd,vnn3.0,107025,107048,MEPHISTOPHELES,mephistopheles,.,$.,--,24221,,
qd,vnn3.0,108302,108310,DOKTOR FAUST,doktor_faust,sinnend,ADJD,sinnend,24221,,
qd,vnn3.0,108302,108310,DOKTOR FAUST,doktor_faust,.,$.,--,24221,,
qd,vnn3.0,108871,108893,DOKTOR FAUST,doktor_faust,Die,ART,der,24221,,
qd,vnn3.0,108871,108893,DOKTOR FAUST,doktor_faust,Musik,NN,musik,24221,,
qd,vnn3.0,108871,108893,DOKTOR FAUST,doktor_faust,erhebt,VVFIN,erheben,24221,,
qd,vnn3.0,108871,108893,DOKTOR FAUST,doktor_faust,sich,PRF,sich,24221,,
qd,vnn3.0,108871,108893,DOKTOR FAUST,doktor_faust,.,$.,--,24221,,
qd,vnn3.0,108968,109027,DOKTOR FAUST,doktor_faust,Gruppen,NN,gruppe,24221,,
qd,vnn3.0,108968,109027,DOKTOR FAUST,doktor_faust,von,APPR,von,24221,,
qd,vnn3.0,108968,109027,DOKTOR FAUST,doktor_faust,Tanzenden,NN,tanzend,24221,,
qd,vnn3.0,108968,109027,DOKTOR FAUST,doktor_faust,erscheinen,VVFIN,erscheinen,24221,,
qd,vnn3.0,108968,109027,DOKTOR FAUST,doktor_faust,und,KON,und,24221,,
qd,vnn3.0,108968,109027,DOKTOR FAUST,doktor_faust,führen,VVFIN,führen,24221,,
qd,vnn3.0,108968,109027,DOKTOR FAUST,doktor_faust,ein,ART,ein,24221,,
qd,vnn3.0,108968,109027,DOKTOR FAUST,doktor_faust,Ballet,NE,ballet,24221,,
qd,vnn3.0,108968,109027,DOKTOR FAUST,doktor_faust,auf,PTKVZ,auf,24221,,
qd,vnn3.0,108968,109027,DOKTOR FAUST,doktor_faust,.,$.,--,24221,,
qd,vnn3.0,109076,109105,DOKTOR FAUST,doktor_faust,Wein,NN,wein,24221,,
qd,vnn3.0,109076,109105,DOKTOR FAUST,doktor_faust,fließt,VVFIN,fließen,24221,,
qd,vnn3.0,109076,109105,DOKTOR FAUST,doktor_faust,aus,APPR,aus,24221,,
qd,vnn3.0,109076,109105,DOKTOR FAUST,doktor_faust,zwei,CARD,zwei,24221,,
qd,vnn3.0,109076,109105,DOKTOR FAUST,doktor_faust,Bassins,NN,bassin,24221,,
qd,vnn3.0,109076,109105,DOKTOR FAUST,doktor_faust,.,$.,--,24221,,
qd,vnn3.0,109612,109689,MEPHISTOPHELES,mephistopheles,Gruppen,NN,gruppe,24221,,
qd,vnn3.0,109612,109689,MEPHISTOPHELES,mephistopheles,von,APPR,von,24221,,
qd,vnn3.0,109612,109689,MEPHISTOPHELES,mephistopheles,Mädchen,NN,mädchen,24221,,
qd,vnn3.0,109612,109689,MEPHISTOPHELES,mephistopheles,erscheinen,VVFIN,erscheinen,24221,,
qd,vnn3.0,109612,109689,MEPHISTOPHELES,mephistopheles,und,KON,und,24221,,
qd,vnn3.0,109612,109689,MEPHISTOPHELES,mephistopheles,verlieren,VVFIN,verlieren,24221,,
qd,vnn3.0,109612,109689,MEPHISTOPHELES,mephistopheles,sich,PRF,sich,24221,,
qd,vnn3.0,109612,109689,MEPHISTOPHELES,mephistopheles,tanzend,ADJD,tanzend,24221,,
qd,vnn3.0,109612,109689,MEPHISTOPHELES,mephistopheles,hinter,APPR,hinter,24221,,
qd,vnn3.0,109612,109689,MEPHISTOPHELES,mephistopheles,dem,ART,der,24221,,
qd,vnn3.0,109612,109689,MEPHISTOPHELES,mephistopheles,Vorhang,NN,vorhang,24221,,
qd,vnn3.0,109612,109689,MEPHISTOPHELES,mephistopheles,.,$.,--,24221,,
qd,vnn3.0,109709,109719,DOKTOR FAUST,doktor_faust,mit,APPR,mit,24221,,
qd,vnn3.0,109709,109719,DOKTOR FAUST,doktor_faust,Wärme,NN,wärme,24221,,
qd,vnn3.0,109709,109719,DOKTOR FAUST,doktor_faust,.,$.,--,24221,,
qd,vnn3.0,110086,110103,DOKTOR FAUST,doktor_faust,Helena,NE,helena,24221,,(37)
qd,vnn3.0,110086,110103,DOKTOR FAUST,doktor_faust,erscheint,VVFIN,erscheinen,24221,,
qd,vnn3.0,110086,110103,DOKTOR FAUST,doktor_faust,.,$.,--,24221,,
qd,vnn3.0,110123,110147,DOKTOR FAUST,doktor_faust,in,APPR,in,24221,,
qd,vnn3.0,110123,110147,DOKTOR FAUST,doktor_faust,höchster,ADJA,hoch,24221,,
qd,vnn3.0,110123,110147,DOKTOR FAUST,doktor_faust,Schwärmerei,NN,schwärmerei,24221,,
qd,vnn3.0,110123,110147,DOKTOR FAUST,doktor_faust,.,$.,--,24221,,
qd,vnn3.0,110754,110768,DOKTOR FAUST,doktor_faust,Er,PPER,er,24221,,
qd,vnn3.0,110754,110768,DOKTOR FAUST,doktor_faust,umfaßt,VVFIN,umfassen,24221,,
qd,vnn3.0,110754,110768,DOKTOR FAUST,doktor_faust,sie,PPER,sie,24221,,
qd,vnn3.0,110754,110768,DOKTOR FAUST,doktor_faust,.,$.,--,24221,,
qd,vnn3.0,110978,111019,DOKTOR FAUST,doktor_faust,Er,PPER,er,24221,,
qd,vnn3.0,110978,111019,DOKTOR FAUST,doktor_faust,umarmt,VVPP,umarmen,24221,,
qd,vnn3.0,110978,111019,DOKTOR FAUST,doktor_faust,sie,PPER,sie,24221,,
qd,vnn3.0,110978,111019,DOKTOR FAUST,doktor_faust,",","$,",--,24221,,
qd,vnn3.0,110978,111019,DOKTOR FAUST,doktor_faust,der,ART,der,24221,,
qd,vnn3.0,110978,111019,DOKTOR FAUST,doktor_faust,hintere,ADJA,hint,24221,,
qd,vnn3.0,110978,111019,DOKTOR FAUST,doktor_faust,Vorhang,NN,vorhang,24221,,
qd,vnn3.0,110978,111019,DOKTOR FAUST,doktor_faust,fällt,VVFIN,fallen,24221,,
qd,vnn3.0,110978,111019,DOKTOR FAUST,doktor_faust,.,$.,--,24221,,
qd,vnn3.0,111078,111085,MEPHISTOPHELES,mephistopheles,allein,ADV,allein,24221,,
qd,vnn3.0,111078,111085,MEPHISTOPHELES,mephistopheles,.,$.,--,24221,,
qd,vnn3.0,111607,111622,_Stage,_Stage,Mephistopheles,NE,mephistopheles,24221,,(1)
qd,vnn3.0,111607,111622,_Stage,_Stage,.,$.,--,24221,,
qd,vnn3.0,111625,111695,_Stage,_Stage,Flammen,NN,flamme,24221,,
qd,vnn3.0,111625,111695,_Stage,_Stage,fahren,VVFIN,fahren,24221,,
qd,vnn3.0,111625,111695,_Stage,_Stage,auf,PTKVZ,auf,24221,,
qd,vnn3.0,111625,111695,_Stage,_Stage,",","$,",--,24221,,
qd,vnn3.0,111625,111695,_Stage,_Stage,ein,ART,ein,24221,,
qd,vnn3.0,111625,111695,_Stage,_Stage,Chor,NN,chor,24221,,
qd,vnn3.0,111625,111695,_Stage,_Stage,von,APPR,von,24221,,
qd,vnn3.0,111625,111695,_Stage,_Stage,Geistern,NN,geister,24221,,
qd,vnn3.0,111625,111695,_Stage,_Stage,erscheint,VVFIN,erscheinen,24221,,
qd,vnn3.0,111625,111695,_Stage,_Stage,;,$.,--,24221,,
qd,vnn3.0,111625,111695,_Stage,_Stage,sie,PPER,sie,24221,,
qd,vnn3.0,111625,111695,_Stage,_Stage,umringen,VVFIN,umringen,24221,,
qd,vnn3.0,111625,111695,_Stage,_Stage,ihn,PPER,ihn,24221,,
qd,vnn3.0,111625,111695,_Stage,_Stage,.,$.,--,24221,,
qd,vnn3.0,111921,112006,_Stage,_Stage,Ein,ART,ein,24221,,
qd,vnn3.0,111921,112006,_Stage,_Stage,Donnerschlag,NN,donnerschlag,24221,,
qd,vnn3.0,111921,112006,_Stage,_Stage,;,$.,--,24221,,
qd,vnn3.0,111921,112006,_Stage,_Stage,Ithuriel,PTKVZ,ithuriel,24221,,(8)
qd,vnn3.0,111921,112006,_Stage,_Stage,;,$.,--,24221,,
qd,vnn3.0,111921,112006,_Stage,_Stage,die,ART,der,24221,,
qd,vnn3.0,111921,112006,_Stage,_Stage,Geister,NN,geist,24221,,
qd,vnn3.0,111921,112006,_Stage,_Stage,verschwinden,VVFIN,verschwinden,24221,,
qd,vnn3.0,111921,112006,_Stage,_Stage,;,$.,--,24221,,
qd,vnn3.0,111921,112006,_Stage,_Stage,Mephistopheles,NN,mephistopheles,24221,,(1)
qd,vnn3.0,111921,112006,_Stage,_Stage,bleibt,VVFIN,bleiben,24221,,
qd,vnn3.0,111921,112006,_Stage,_Stage,entsetzt,VVPP,entsetzen,24221,,
qd,vnn3.0,111921,112006,_Stage,_Stage,.,$.,--,24221,,
qd,vnn3.0,112564,112597,_Stage,_Stage,Der,ART,der,24221,,
qd,vnn3.0,112564,112597,_Stage,_Stage,hintere,ADJA,hint,24221,,
qd,vnn3.0,112564,112597,_Stage,_Stage,Vorhang,NN,vorhang,24221,,
qd,vnn3.0,112564,112597,_Stage,_Stage,rollt,VVFIN,rollen,24221,,
qd,vnn3.0,112564,112597,_Stage,_Stage,hinauf,ADV,hinauf,24221,,
qd,vnn3.0,112564,112597,_Stage,_Stage,.,$.,--,24221,,
qd,vnn3.0,112600,112607,_Stage,_Stage,Vorige,NN,vorige,24221,,
qd,vnn3.0,112600,112607,_Stage,_Stage,.,$.,--,24221,,
qd,vnn3.0,112624,112651,DOKTOR FAUST,doktor_faust,auf,APPR,auf,24221,,
qd,vnn3.0,112624,112651,DOKTOR FAUST,doktor_faust,einem,ART,ein,24221,,
qd,vnn3.0,112624,112651,DOKTOR FAUST,doktor_faust,Sopha,NN,sopha,24221,,
qd,vnn3.0,112624,112651,DOKTOR FAUST,doktor_faust,im,APPRART,in,24221,,
qd,vnn3.0,112624,112651,DOKTOR FAUST,doktor_faust,Schlafe,NN,schlafe,24221,,
qd,vnn3.0,112624,112651,DOKTOR FAUST,doktor_faust,.,$.,--,24221,,
qd,vnn3.0,113408,113421,ITHURIEL,ithuriel,Verschwindet,VVPP,verschwinden,24221,,
qd,vnn3.0,113408,113421,ITHURIEL,ithuriel,.,$.,--,24221,,
qd,vnn3.0,113465,113504,_Stage,_Stage,Doktor,PROAV,doktor,24221,,(5
qd,vnn3.0,113465,113504,_Stage,_Stage,Faust,NN,faust,24221,,5)
qd,vnn3.0,113465,113504,_Stage,_Stage,erwachend,ADJD,erwachend,24221,,
qd,vnn3.0,113465,113504,_Stage,_Stage,.,$.,--,24221,,
qd,vnn3.0,113465,113504,_Stage,_Stage,Mephistopheles,NE,mephistopheles,24221,,(1)
qd,vnn3.0,113465,113504,_Stage,_Stage,.,$.,--,24221,,
qd,vnn3.0,113636,113645,MEPHISTOPHELES,mephistopheles,höhnisch,ADJD,höhnisch,24221,,
qd,vnn3.0,113636,113645,MEPHISTOPHELES,mephistopheles,.,$.,--,24221,,
qd,vnn3.0,114786,114813,DOKTOR FAUST,doktor_faust,mit,APPR,mit,24221,,
qd,vnn3.0,114786,114813,DOKTOR FAUST,doktor_faust,immer,ADV,immer,24221,,
qd,vnn3.0,114786,114813,DOKTOR FAUST,doktor_faust,steigender,ADJA,steigend,24221,,
qd,vnn3.0,114786,114813,DOKTOR FAUST,doktor_faust,Wärme,NN,wärme,24221,,
qd,vnn3.0,114786,114813,DOKTOR FAUST,doktor_faust,.,$.,--,24221,,
qd,vnn3.0,115810,115870,DOKTOR FAUST,doktor_faust,Mephistopheles,NE,mephistopheles,24221,,(1)
qd,vnn3.0,115810,115870,DOKTOR FAUST,doktor_faust,erscheint,VVFIN,erscheinen,24221,,
qd,vnn3.0,115810,115870,DOKTOR FAUST,doktor_faust,in,APPR,in,24221,,
qd,vnn3.0,115810,115870,DOKTOR FAUST,doktor_faust,Flammen,NN,flamme,24221,,
qd,vnn3.0,115810,115870,DOKTOR FAUST,doktor_faust,und,KON,und,24221,,
qd,vnn3.0,115810,115870,DOKTOR FAUST,doktor_faust,umfaßt,VVFIN,umfassen,24221,,
qd,vnn3.0,115810,115870,DOKTOR FAUST,doktor_faust,Doktor,NE,doktor,24221,,(5
qd,vnn3.0,115810,115870,DOKTOR FAUST,doktor_faust,Faust,NN,faust,24221,,5)
qd,vnn3.0,115810,115870,DOKTOR FAUST,doktor_faust,.,$.,--,24221,,
qd,vnn3.0,116048,116055,DOKTOR FAUST,doktor_faust,allein,ADV,allein,24221,,
qd,vnn3.0,116048,116055,DOKTOR FAUST,doktor_faust,.,$.,--,24221,,
qd,vnn3.0,116901,116908,DOKTOR FAUST,doktor_faust,Bitter,NE,bitter,24221,,
qd,vnn3.0,116901,116908,DOKTOR FAUST,doktor_faust,.,$.,--,24221,,
qd,vnn3.0,117346,117369,_Stage,_Stage,Ithuriel,NE,ithuriel,24221,,(8)
qd,vnn3.0,117346,117369,_Stage,_Stage,.,$.,--,24221,,
qd,vnn3.0,117346,117369,_Stage,_Stage,Doktor,PROAV,doktor,24221,,(5
qd,vnn3.0,117346,117369,_Stage,_Stage,Faust,NN,faust,24221,,5)
qd,vnn3.0,117346,117369,_Stage,_Stage,.,$.,--,24221,,
qd,vnn3.0,117421,117435,DOKTOR FAUST,doktor_faust,niederfallend,ADJD,niederfallend,24221,,
qd,vnn3.0,117421,117435,DOKTOR FAUST,doktor_faust,.,$.,--,24221,,
qd,vnn3.0,119300,119313,ITHURIEL,ithuriel,Verschwindet,VVPP,verschwinden,24221,,
qd,vnn3.0,119300,119313,ITHURIEL,ithuriel,.,$.,--,24221,,
qd,vnn3.0,119405,119417,_Stage,_Stage,Bauernhütte,NN,bauernhütte,24221,,
qd,vnn3.0,119405,119417,_Stage,_Stage,.,$.,--,24221,,
qd,vnn3.0,119420,119477,_Stage,_Stage,Fausts,NE,faust,24221,,(6
qd,vnn3.0,119420,119477,_Stage,_Stage,Vater,NN,vater,24221,,6)
qd,vnn3.0,119420,119477,_Stage,_Stage,arbeitend,ADJD,arbeitend,24221,,
qd,vnn3.0,119420,119477,_Stage,_Stage,",","$,",--,24221,,
qd,vnn3.0,119420,119477,_Stage,_Stage,Fausts,NE,faust,24221,,(38
qd,vnn3.0,119420,119477,_Stage,_Stage,Mutter,NN,mutter,24221,,38)
qd,vnn3.0,119420,119477,_Stage,_Stage,und,KON,und,24221,,
qd,vnn3.0,119420,119477,_Stage,_Stage,Elise,NN,elise,24221,,
qd,vnn3.0,119420,119477,_Stage,_Stage,spinnend,ADJD,spinnend,24221,,
qd,vnn3.0,119420,119477,_Stage,_Stage,.,$.,--,24221,,
qd,vnn3.0,121871,121882,LIESE,liese,aufstehend,ADJD,aufstehend,24221,,
qd,vnn3.0,121871,121882,LIESE,liese,.,$.,--,24221,,
qd,vnn3.0,122238,122246,LIESE,liese,freudig,ADJD,freudig,24221,,
qd,vnn3.0,122238,122246,LIESE,liese,.,$.,--,24221,,
qd,vnn3.0,123953,123965,LIESE,liese,an,APPR,an,24221,,
qd,vnn3.0,123953,123965,LIESE,liese,die,ART,der,24221,,
qd,vnn3.0,123953,123965,LIESE,liese,Türe,NN,türe,24221,,
qd,vnn3.0,123953,123965,LIESE,liese,.,$.,--,24221,,
qd,vnn3.0,124329,124350,_Stage,_Stage,Reisender,NN,reisend,24221,,(39)
qd,vnn3.0,124329,124350,_Stage,_Stage,und,KON,und,24221,,
qd,vnn3.0,124329,124350,_Stage,_Stage,Vorige,NN,vorige,24221,,
qd,vnn3.0,124329,124350,_Stage,_Stage,.,$.,--,24221,,
qd,vnn3.0,125497,125513,FAUSTS MUTTER,fausts_mutter,zu,APPR,zu,24221,,
qd,vnn3.0,125497,125513,FAUSTS MUTTER,fausts_mutter,Fausts,NE,faust,24221,,(6
qd,vnn3.0,125497,125513,FAUSTS MUTTER,fausts_mutter,Vater,NN,vater,24221,,6)
qd,vnn3.0,125497,125513,FAUSTS MUTTER,fausts_mutter,.,$.,--,24221,,
qd,vnn3.0,125736,125803,LIESE,liese,die,ART,der,24221,,
qd,vnn3.0,125736,125803,LIESE,liese,mit,APPR,mit,24221,,
qd,vnn3.0,125736,125803,LIESE,liese,größter,ADJA,groß,24221,,
qd,vnn3.0,125736,125803,LIESE,liese,Spannung,NN,spannung,24221,,
qd,vnn3.0,125736,125803,LIESE,liese,horchte,VVFIN,horchen,24221,,
qd,vnn3.0,125736,125803,LIESE,liese,",","$,",--,24221,,
qd,vnn3.0,125736,125803,LIESE,liese,fällt,VVFIN,fallen,24221,,
qd,vnn3.0,125736,125803,LIESE,liese,am,APPRART,an,24221,,
qd,vnn3.0,125736,125803,LIESE,liese,Spinnrocken,NN,spinnrocke,24221,,
qd,vnn3.0,125736,125803,LIESE,liese,in,APPR,in,24221,,
qd,vnn3.0,125736,125803,LIESE,liese,Ohnmacht,NN,ohnmacht,24221,,
qd,vnn3.0,125736,125803,LIESE,liese,.,$.,--,24221,,
qd,vnn3.0,125921,125944,_Stage,_Stage,Doktor,PROAV,doktor,24221,,(5
qd,vnn3.0,125921,125944,_Stage,_Stage,Faust,NN,faust,24221,,5)
qd,vnn3.0,125921,125944,_Stage,_Stage,von,APPR,von,24221,,
qd,vnn3.0,125921,125944,_Stage,_Stage,außen,ADV,außen,24221,,
qd,vnn3.0,125921,125944,_Stage,_Stage,.,$.,--,24221,,
qd,vnn3.0,126014,126040,FAUSTS VATER,fausts_vater,Der,ART,der,24221,,
qd,vnn3.0,126014,126040,FAUSTS VATER,fausts_vater,Reisende,NN,reisend,24221,,
qd,vnn3.0,126014,126040,FAUSTS VATER,fausts_vater,verschwindet,VVFIN,verschwinden,24221,,
qd,vnn3.0,126014,126040,FAUSTS VATER,fausts_vater,.,$.,--,24221,,
qd,vnn3.0,126090,126100,FAUSTS VATER,fausts_vater,macht,VVFIN,machen,24221,,
qd,vnn3.0,126090,126100,FAUSTS VATER,fausts_vater,auf,PTKVZ,auf,24221,,
qd,vnn3.0,126090,126100,FAUSTS VATER,fausts_vater,.,$.,--,24221,,
qd,vnn3.0,126155,126170,DOKTOR FAUST,doktor_faust,hineinstürzend,ADJD,hineinstürzend,24221,,
qd,vnn3.0,126155,126170,DOKTOR FAUST,doktor_faust,.,$.,--,24221,,
qd,vnn3.0,126203,126214,FAUSTS MUTTER,fausts_mutter,auf,APPR,auf,24221,,
qd,vnn3.0,126203,126214,FAUSTS MUTTER,fausts_mutter,ihn,PPER,ihn,24221,,
qd,vnn3.0,126203,126214,FAUSTS MUTTER,fausts_mutter,zu,PTKVZ,zu,24221,,
qd,vnn3.0,126203,126214,FAUSTS MUTTER,fausts_mutter,.,$.,--,24221,,
qd,vnn3.0,126246,126261,DOKTOR FAUST,doktor_faust,zu,APPR,zu,24221,,
qd,vnn3.0,126246,126261,DOKTOR FAUST,doktor_faust,ihren,PPOSAT,ihr,24221,,
qd,vnn3.0,126246,126261,DOKTOR FAUST,doktor_faust,Füßen,NN,fuß,24221,,
qd,vnn3.0,126246,126261,DOKTOR FAUST,doktor_faust,.,$.,--,24221,,
qd,vnn3.0,126381,126397,DOKTOR FAUST,doktor_faust,Alle,PIDAT,alle,24221,,
qd,vnn3.0,126381,126397,DOKTOR FAUST,doktor_faust,auf,APPR,auf,24221,,
qd,vnn3.0,126381,126397,DOKTOR FAUST,doktor_faust,sie,PPER,sie,24221,,
qd,vnn3.0,126381,126397,DOKTOR FAUST,doktor_faust,zu,PTKVZ,zu,24221,,
qd,vnn3.0,126381,126397,DOKTOR FAUST,doktor_faust,.,$.,--,24221,,
qd,vnn3.0,126417,126433,FAUSTS VATER,fausts_vater,zu,APPR,zu,24221,,
qd,vnn3.0,126417,126433,FAUSTS VATER,fausts_vater,Doktor,NN,doktor,24221,,(5
qd,vnn3.0,126417,126433,FAUSTS VATER,fausts_vater,Faust,NN,faust,24221,,5)
qd,vnn3.0,126417,126433,FAUSTS VATER,fausts_vater,.,$.,--,24221,,
qd,vnn3.0,126524,126540,FAUSTS VATER,fausts_vater,Sich,PRF,sich,24221,,
qd,vnn3.0,126524,126540,FAUSTS VATER,fausts_vater,umschauend,ADJD,umschauend,24221,,
qd,vnn3.0,126524,126540,FAUSTS VATER,fausts_vater,.,$.,--,24221,,
qd,vnn3.0,126797,126811,LIESE,liese,sich,PRF,sich,24221,,
qd,vnn3.0,126797,126811,LIESE,liese,erholend,ADJD,erholend,24221,,
qd,vnn3.0,126797,126811,LIESE,liese,.,$.,--,24221,,
qd,vnn3.0,127592,127602,FAUSTS VATER,fausts_vater,bedeutend,ADJD,bedeutend,24221,,
qd,vnn3.0,127592,127602,FAUSTS VATER,fausts_vater,.,$.,--,24221,,
qd,vnn3.0,128308,128348,DOKTOR FAUST,doktor_faust,Liesen,NN,liesen,24221,,
qd,vnn3.0,128308,128348,DOKTOR FAUST,doktor_faust,mit,APPR,mit,24221,,
qd,vnn3.0,128308,128348,DOKTOR FAUST,doktor_faust,höchster,ADJA,hoch,24221,,
qd,vnn3.0,128308,128348,DOKTOR FAUST,doktor_faust,Innigkeit,NN,innigkeit,24221,,
qd,vnn3.0,128308,128348,DOKTOR FAUST,doktor_faust,umfassend,ADJD,umfassend,24221,,
qd,vnn3.0,128308,128348,DOKTOR FAUST,doktor_faust,.,$.,--,24221,,
qd,vnn3.0,128381,128398,FAUSTS VATER,fausts_vater,zu,APPR,zu,24221,,
qd,vnn3.0,128381,128398,FAUSTS VATER,fausts_vater,Fausts,NE,faust,24221,,(38
qd,vnn3.0,128381,128398,FAUSTS VATER,fausts_vater,Mutter,NN,mutter,24221,,38)
qd,vnn3.0,128381,128398,FAUSTS VATER,fausts_vater,.,$.,--,24221,,
qd,vnn3.0,128463,128497,FAUSTS VATER,fausts_vater,Fausts,NE,faust,24221,,(6
qd,vnn3.0,128463,128497,FAUSTS VATER,fausts_vater,Vater,NN,vater,24221,,6)
qd,vnn3.0,128463,128497,FAUSTS VATER,fausts_vater,und,KON,und,24221,,
qd,vnn3.0,128463,128497,FAUSTS VATER,fausts_vater,Fausts,NN,faust,24221,,(38
qd,vnn3.0,128463,128497,FAUSTS VATER,fausts_vater,Mutter,NN,mutter,24221,,38)
qd,vnn3.0,128463,128497,FAUSTS VATER,fausts_vater,ab,PTKVZ,ab,24221,,
qd,vnn3.0,128463,128497,FAUSTS VATER,fausts_vater,.,$.,--,24221,,
qd,vnn3.0,128538,128565,_Stage,_Stage,Doktor,PROAV,doktor,24221,,(5
qd,vnn3.0,128538,128565,_Stage,_Stage,Faust,NN,faust,24221,,5)
qd,vnn3.0,128538,128565,_Stage,_Stage,.,$.,--,24221,,
qd,vnn3.0,128538,128565,_Stage,_Stage,Liese,NE,liese,24221,,(15)
qd,vnn3.0,128538,128565,_Stage,_Stage,allein,ADV,allein,24221,,
qd,vnn3.0,128538,128565,_Stage,_Stage,.,$.,--,24221,,
qd,vnn3.0,129570,129580,LIESE,liese,verschämt,VVPP,verschämen,24221,,
qd,vnn3.0,129570,129580,LIESE,liese,.,$.,--,24221,,
qd,vnn3.0,129645,129707,_Stage,_Stage,Fausts,NE,faust,24221,,(6
qd,vnn3.0,129645,129707,_Stage,_Stage,Vater,NN,vater,24221,,6)
qd,vnn3.0,129645,129707,_Stage,_Stage,und,KON,und,24221,,
qd,vnn3.0,129645,129707,_Stage,_Stage,Fausts,NE,faust,24221,,(38
qd,vnn3.0,129645,129707,_Stage,_Stage,Mutter,NN,mutter,24221,,38)
qd,vnn3.0,129645,129707,_Stage,_Stage,die,ART,der,24221,,
qd,vnn3.0,129645,129707,_Stage,_Stage,sich,PRF,sich,24221,,
qd,vnn3.0,129645,129707,_Stage,_Stage,hinter,APPR,hinter,24221,,
qd,vnn3.0,129645,129707,_Stage,_Stage,ihn,PPER,ihn,24221,,
qd,vnn3.0,129645,129707,_Stage,_Stage,schleichen,VVINF,schleichen,24221,,
qd,vnn3.0,129645,129707,_Stage,_Stage,.,$.,--,24221,,
qd,vnn3.0,129724,129741,FAUSTS VATER,fausts_vater,zu,APPR,zu,24221,,
qd,vnn3.0,129724,129741,FAUSTS VATER,fausts_vater,Fausts,NE,faust,24221,,(38
qd,vnn3.0,129724,129741,FAUSTS VATER,fausts_vater,Mutter,NN,mutter,24221,,38)
qd,vnn3.0,129724,129741,FAUSTS VATER,fausts_vater,.,$.,--,24221,,
qd,vnn3.0,130054,130065,FAUSTS VATER,fausts_vater,vortretend,ADJD,vortretend,24221,,
qd,vnn3.0,130054,130065,FAUSTS VATER,fausts_vater,.,$.,--,24221,,
qd,vnn3.0,130450,130480,GÜRGEL,gürgel,Doktor,NE,doktor,24221,,
qd,vnn3.0,130450,130480,GÜRGEL,gürgel,Fausts,NE,faust,24221,,
qd,vnn3.0,130450,130480,GÜRGEL,gürgel,Kniee,NE,kniee,24221,,
qd,vnn3.0,130450,130480,GÜRGEL,gürgel,umfassend,ADJD,umfassend,24221,,
qd,vnn3.0,130450,130480,GÜRGEL,gürgel,.,$.,--,24221,,
qd,vnn3.0,130508,130536,DOKTOR FAUST,doktor_faust,ihn,PPER,ihn,24221,,
qd,vnn3.0,130508,130536,DOKTOR FAUST,doktor_faust,aufhebend,ADJD,aufhebend,24221,,
qd,vnn3.0,130508,130536,DOKTOR FAUST,doktor_faust,und,KON,und,24221,,
qd,vnn3.0,130508,130536,DOKTOR FAUST,doktor_faust,umfassend,ADJD,umfassend,24221,,
qd,vnn3.0,130508,130536,DOKTOR FAUST,doktor_faust,.,$.,--,24221,,
qd,vnn3.0,130801,130861,DOKTOR FAUST,doktor_faust,Er,PPER,er,24221,,
qd,vnn3.0,130801,130861,DOKTOR FAUST,doktor_faust,umarmt,VVPP,umarmen,24221,,
qd,vnn3.0,130801,130861,DOKTOR FAUST,doktor_faust,sie,PPER,sie,24221,,
qd,vnn3.0,130801,130861,DOKTOR FAUST,doktor_faust,alle,PIS,aller,24221,,
qd,vnn3.0,130801,130861,DOKTOR FAUST,doktor_faust,wechselweise,ADV,wechselweise,24221,,
qd,vnn3.0,130801,130861,DOKTOR FAUST,doktor_faust,;,$.,--,24221,,
qd,vnn3.0,130801,130861,DOKTOR FAUST,doktor_faust,großer,ADJA,groß,24221,,
qd,vnn3.0,130801,130861,DOKTOR FAUST,doktor_faust,Tumult,NN,tumult,24221,,
qd,vnn3.0,130801,130861,DOKTOR FAUST,doktor_faust,vor,APPR,vor,24221,,
qd,vnn3.0,130801,130861,DOKTOR FAUST,doktor_faust,der,ART,der,24221,,
qd,vnn3.0,130801,130861,DOKTOR FAUST,doktor_faust,Türe,NN,türe,24221,,
qd,vnn3.0,130801,130861,DOKTOR FAUST,doktor_faust,.,$.,--,24221,,
qd,vnn3.0,130895,130918,DOKTOR FAUST,doktor_faust,Man,PIS,man,24221,,
qd,vnn3.0,130895,130918,DOKTOR FAUST,doktor_faust,ruft,VVFIN,rufen,24221,,
qd,vnn3.0,130895,130918,DOKTOR FAUST,doktor_faust,:,$.,--,24221,,
qd,vnn3.0,130895,130918,DOKTOR FAUST,doktor_faust,Faust,NN,faust,24221,,
qd,vnn3.0,130895,130918,DOKTOR FAUST,doktor_faust,"!",$.,--,24221,,
qd,vnn3.0,130895,130918,DOKTOR FAUST,doktor_faust,Faust,NN,faust,24221,,
qd,vnn3.0,130895,130918,DOKTOR FAUST,doktor_faust,"!",$.,--,24221,,
qd,vnn3.0,130954,130974,FAUSTS VATER,fausts_vater,Der,ART,der,24221,,
qd,vnn3.0,130954,130974,FAUSTS VATER,fausts_vater,Tumult,NN,tumult,24221,,
qd,vnn3.0,130954,130974,FAUSTS VATER,fausts_vater,nimmt,VVFIN,nehmen,24221,,
qd,vnn3.0,130954,130974,FAUSTS VATER,fausts_vater,zu,PTKVZ,zu,24221,,
qd,vnn3.0,130954,130974,FAUSTS VATER,fausts_vater,.,$.,--,24221,,
qd,vnn3.0,131036,131061,DOKTOR FAUST,doktor_faust,Fausts,NE,faust,24221,,(6
qd,vnn3.0,131036,131061,DOKTOR FAUST,doktor_faust,Vater,NN,vater,24221,,6)
qd,vnn3.0,131036,131061,DOKTOR FAUST,doktor_faust,geht,VVFIN,gehen,24221,,
qd,vnn3.0,131036,131061,DOKTOR FAUST,doktor_faust,hinaus,PTKVZ,hinaus,24221,,
qd,vnn3.0,131036,131061,DOKTOR FAUST,doktor_faust,.,$.,--,24221,,
qd,vnn3.0,131074,131097,LIESE,liese,sich,PRF,sich,24221,,
qd,vnn3.0,131074,131097,LIESE,liese,an,APPR,an,24221,,
qd,vnn3.0,131074,131097,LIESE,liese,ihn,PPER,ihn,24221,,
qd,vnn3.0,131074,131097,LIESE,liese,schmiegend,ADJD,schmiegend,24221,,
qd,vnn3.0,131074,131097,LIESE,liese,.,$.,--,24221,,
qd,vnn3.0,131251,131265,FAUSTS VATER,fausts_vater,zurückkommend,ADJD,zurückkommend,24221,,
qd,vnn3.0,131251,131265,FAUSTS VATER,fausts_vater,.,$.,--,24221,,
qd,vnn3.0,131502,131524,DOKTOR FAUST,doktor_faust,Das,ART,der,24221,,
qd,vnn3.0,131502,131524,DOKTOR FAUST,doktor_faust,Getümmel,NN,getümmel,24221,,
qd,vnn3.0,131502,131524,DOKTOR FAUST,doktor_faust,nimmt,VVFIN,nehmen,24221,,
qd,vnn3.0,131502,131524,DOKTOR FAUST,doktor_faust,zu,PTKVZ,zu,24221,,
qd,vnn3.0,131502,131524,DOKTOR FAUST,doktor_faust,.,$.,--,24221,,
qd,vnn3.0,131652,131668,DOKTOR FAUST,doktor_faust,Fausts,NE,faust,24221,,(6
qd,vnn3.0,131652,131668,DOKTOR FAUST,doktor_faust,Vater,NN,vater,24221,,6)
qd,vnn3.0,131652,131668,DOKTOR FAUST,doktor_faust,ab,PTKVZ,ab,24221,,
qd,vnn3.0,131652,131668,DOKTOR FAUST,doktor_faust,.,$.,--,24221,,
qd,vnn3.0,131807,131854,_Stage,_Stage,Einige,PIAT,einiger,24221,,
qd,vnn3.0,131807,131854,_Stage,_Stage,Bürger,NN,bürger,24221,,
qd,vnn3.0,131807,131854,_Stage,_Stage,und,KON,und,24221,,
qd,vnn3.0,131807,131854,_Stage,_Stage,Bauern,NN,bauer,24221,,
qd,vnn3.0,131807,131854,_Stage,_Stage,.,$.,--,24221,,
qd,vnn3.0,131807,131854,_Stage,_Stage,Fausts,NE,faust,24221,,(6
qd,vnn3.0,131807,131854,_Stage,_Stage,Vater,NN,vater,24221,,6)
qd,vnn3.0,131807,131854,_Stage,_Stage,.,$.,--,24221,,
qd,vnn3.0,131807,131854,_Stage,_Stage,Vorige,NN,vorige,24221,,
qd,vnn3.0,131807,131854,_Stage,_Stage,.,$.,--,24221,,
qd,vnn3.0,132032,132038,außen,ADV,außen,24221,,
qd,vnn3.0,132032,132038,.,$.,--,24221,,
qd,vnn3.0,133253,133269,VOLK,andere_stimme,Gedränge,NN,gedränge,24221,,
qd,vnn3.0,133253,133269,VOLK,andere_stimme,um,APPR,um,24221,,
qd,vnn3.0,133253,133269,VOLK,andere_stimme,ihn,PPER,ihn,24221,,
qd,vnn3.0,133253,133269,VOLK,andere_stimme,.,$.,--,24221,,
qd,vnn3.0,133458,133490,DOKTOR FAUST,doktor_faust,Einer,PIS,einer,24221,,
qd,vnn3.0,133458,133490,DOKTOR FAUST,doktor_faust,vom,APPRART,von,24221,,
qd,vnn3.0,133458,133490,DOKTOR FAUST,doktor_faust,Volk,NN,volk,24221,,(41)
qd,vnn3.0,133458,133490,DOKTOR FAUST,doktor_faust,sich,PRF,sich,24221,,
qd,vnn3.0,133458,133490,DOKTOR FAUST,doktor_faust,vordrängend,ADJD,vordrängend,24221,,
qd,vnn3.0,133458,133490,DOKTOR FAUST,doktor_faust,.,$.,--,24221,,
qd,vnn3.0,135031,135087,DOKTOR FAUST,doktor_faust,Fausts,NE,faust,24221,,(6
qd,vnn3.0,135031,135087,DOKTOR FAUST,doktor_faust,Vater,NN,vater,24221,,6)
qd,vnn3.0,135031,135087,DOKTOR FAUST,doktor_faust,",","$,",--,24221,,
qd,vnn3.0,135031,135087,DOKTOR FAUST,doktor_faust,Fausts,NE,faust,24221,,(38
qd,vnn3.0,135031,135087,DOKTOR FAUST,doktor_faust,Mutter,NN,mutter,24221,,38)
qd,vnn3.0,135031,135087,DOKTOR FAUST,doktor_faust,",","$,",--,24221,,
qd,vnn3.0,135031,135087,DOKTOR FAUST,doktor_faust,Liese,NN,liese,24221,,(15)
qd,vnn3.0,135031,135087,DOKTOR FAUST,doktor_faust,und,KON,und,24221,,
qd,vnn3.0,135031,135087,DOKTOR FAUST,doktor_faust,Gürgeln,NN,gürgeln,24221,,
qd,vnn3.0,135031,135087,DOKTOR FAUST,doktor_faust,umarmend,ADJD,umarmend,24221,,
qd,vnn3.0,135031,135087,DOKTOR FAUST,doktor_faust,.,$.,--,24221,,
qd,vnn3.0,135386,135402,DOKTOR FAUST,doktor_faust,Zu,APPR,zu,24221,,
qd,vnn3.0,135386,135402,DOKTOR FAUST,doktor_faust,Fausts,NE,faust,24221,,(6
qd,vnn3.0,135386,135402,DOKTOR FAUST,doktor_faust,Vater,NN,vater,24221,,6)
qd,vnn3.0,135386,135402,DOKTOR FAUST,doktor_faust,.,$.,--,24221,,
qd,vnn3.0,135494,135521,DOKTOR FAUST,doktor_faust,Stürzt,NE,stürzt,24221,,
qd,vnn3.0,135494,135521,DOKTOR FAUST,doktor_faust,mit,APPR,mit,24221,,
qd,vnn3.0,135494,135521,DOKTOR FAUST,doktor_faust,dem,ART,der,24221,,
qd,vnn3.0,135494,135521,DOKTOR FAUST,doktor_faust,Gedränge,NN,gedränge,24221,,
qd,vnn3.0,135494,135521,DOKTOR FAUST,doktor_faust,ab,PTKVZ,ab,24221,,
qd,vnn3.0,135494,135521,DOKTOR FAUST,doktor_faust,.,$.,--,24221,,
qd,vnn3.0,135564,135617,VOLK,andere_stimme,Fausts,NE,faust,24221,,(38
qd,vnn3.0,135564,135617,VOLK,andere_stimme,Mutter,NN,mutter,24221,,38)
qd,vnn3.0,135564,135617,VOLK,andere_stimme,und,KON,und,24221,,
qd,vnn3.0,135564,135617,VOLK,andere_stimme,Liese,NN,liese,24221,,(15)
qd,vnn3.0,135564,135617,VOLK,andere_stimme,hängen,VVFIN,hängen,24221,,
qd,vnn3.0,135564,135617,VOLK,andere_stimme,sich,PRF,sich,24221,,
qd,vnn3.0,135564,135617,VOLK,andere_stimme,vergebens,ADV,vergebens,24221,,
qd,vnn3.0,135564,135617,VOLK,andere_stimme,an,APPR,an,24221,,
qd,vnn3.0,135564,135617,VOLK,andere_stimme,ihn,PPER,ihn,24221,,
qd,vnn3.0,135564,135617,VOLK,andere_stimme,.,$.,--,24221,,
qd,vnn3.0,135652,135683,FAUSTS MUTTER,fausts_mutter,Verzweifelnd,ADJD,verzweifelnd,24221,,
qd,vnn3.0,135652,135683,FAUSTS MUTTER,fausts_mutter,die,ART,der,24221,,
qd,vnn3.0,135652,135683,FAUSTS MUTTER,fausts_mutter,Hände,NN,hand,24221,,
qd,vnn3.0,135652,135683,FAUSTS MUTTER,fausts_mutter,ringend,ADJD,ringend,24221,,
qd,vnn3.0,135652,135683,FAUSTS MUTTER,fausts_mutter,.,$.,--,24221,,
qd,vnn3.0,135708,135739,LIESE,liese,Verzweifelnd,ADJD,verzweifelnd,24221,,
qd,vnn3.0,135708,135739,LIESE,liese,die,ART,der,24221,,
qd,vnn3.0,135708,135739,LIESE,liese,Hände,NN,hand,24221,,
qd,vnn3.0,135708,135739,LIESE,liese,ringend,ADJD,ringend,24221,,
qd,vnn3.0,135708,135739,LIESE,liese,.,$.,--,24221,,
qd,vnn3.0,135843,135856,_Stage,_Stage,Freier,NE,frei,24221,,
qd,vnn3.0,135843,135856,_Stage,_Stage,Platz,NN,platz,24221,,
qd,vnn3.0,135843,135856,_Stage,_Stage,.,$.,--,24221,,
qd,vnn3.0,135859,135905,_Stage,_Stage,Doktor,NE,doktor,24221,,(5
qd,vnn3.0,135859,135905,_Stage,_Stage,Faust,NN,faust,24221,,5)
qd,vnn3.0,135859,135905,_Stage,_Stage,und,KON,und,24221,,
qd,vnn3.0,135859,135905,_Stage,_Stage,Volk,NN,volk,24221,,(41)
qd,vnn3.0,135859,135905,_Stage,_Stage,.,$.,--,24221,,
qd,vnn3.0,135859,135905,_Stage,_Stage,Fortgesetztes,NN,fortgesetzt,24221,,
qd,vnn3.0,135859,135905,_Stage,_Stage,Getümmel,NE,getümmel,24221,,
qd,vnn3.0,135859,135905,_Stage,_Stage,.,$.,--,24221,,
qd,vnn3.0,135922,135958,DOKTOR FAUST,doktor_faust,vom,APPRART,von,24221,,
qd,vnn3.0,135922,135958,DOKTOR FAUST,doktor_faust,Volk,NN,volk,24221,,(41)
qd,vnn3.0,135922,135958,DOKTOR FAUST,doktor_faust,auf,APPR,auf,24221,,
qd,vnn3.0,135922,135958,DOKTOR FAUST,doktor_faust,den,ART,der,24221,,
qd,vnn3.0,135922,135958,DOKTOR FAUST,doktor_faust,Schultern,NN,schulter,24221,,
qd,vnn3.0,135922,135958,DOKTOR FAUST,doktor_faust,getragen,VVPP,tragen,24221,,
qd,vnn3.0,135922,135958,DOKTOR FAUST,doktor_faust,.,$.,--,24221,,
qd,vnn3.0,136058,136098,VOLK,andere_stimme,Man,PIS,man,24221,,
qd,vnn3.0,136058,136098,VOLK,andere_stimme,bringt,VVFIN,bringen,24221,,
qd,vnn3.0,136058,136098,VOLK,andere_stimme,Doktor,NE,doktor,24221,,(5
qd,vnn3.0,136058,136098,VOLK,andere_stimme,Faust,NN,faust,24221,,5)
qd,vnn3.0,136058,136098,VOLK,andere_stimme,auf,APPR,auf,24221,,
qd,vnn3.0,136058,136098,VOLK,andere_stimme,einen,ART,ein,24221,,
qd,vnn3.0,136058,136098,VOLK,andere_stimme,Hügel,NN,hügel,24221,,
qd,vnn3.0,136058,136098,VOLK,andere_stimme,.,$.,--,24221,,
qd,vnn3.0,136206,136213,VOLK,andere_stimme,Stille,NN,stille,24221,,
qd,vnn3.0,136206,136213,VOLK,andere_stimme,.,$.,--,24221,,
qd,vnn3.0,139954,139979,STIMME,stimme,Alle,PIDAT,aller,24221,,
qd,vnn3.0,139954,139979,STIMME,stimme,dringen,VVFIN,dringen,24221,,
qd,vnn3.0,139954,139979,STIMME,stimme,auf,APPR,auf,24221,,
qd,vnn3.0,139954,139979,STIMME,stimme,ihn,PPER,ihn,24221,,
qd,vnn3.0,139954,139979,STIMME,stimme,ein,PTKVZ,ein,24221,,
qd,vnn3.0,139954,139979,STIMME,stimme,.,$.,--,24221,,
qd,vnn3.0,140153,140165,MEPHISTOPHELES,mephistopheles,in,APPR,in,24221,,
qd,vnn3.0,140153,140165,MEPHISTOPHELES,mephistopheles,der,ART,der,24221,,
qd,vnn3.0,140153,140165,MEPHISTOPHELES,mephistopheles,Luft,NN,luft,24221,,
qd,vnn3.0,140153,140165,MEPHISTOPHELES,mephistopheles,.,$.,--,24221,,
qd,vnn3.0,140194,140268,MEPHISTOPHELES,mephistopheles,Er,PPER,er,24221,,
qd,vnn3.0,140194,140268,MEPHISTOPHELES,mephistopheles,führt,VVFIN,führen,24221,,
qd,vnn3.0,140194,140268,MEPHISTOPHELES,mephistopheles,auf,APPR,auf,24221,,
qd,vnn3.0,140194,140268,MEPHISTOPHELES,mephistopheles,Fausts,NN,faust,24221,,
qd,vnn3.0,140194,140268,MEPHISTOPHELES,mephistopheles,Mantel,NE,mantel,24221,,
qd,vnn3.0,140194,140268,MEPHISTOPHELES,mephistopheles,ihn,PPER,ihn,24221,,
qd,vnn3.0,140194,140268,MEPHISTOPHELES,mephistopheles,in,APPR,in,24221,,
qd,vnn3.0,140194,140268,MEPHISTOPHELES,mephistopheles,der,ART,der,24221,,
qd,vnn3.0,140194,140268,MEPHISTOPHELES,mephistopheles,Luft,NN,luft,24221,,
qd,vnn3.0,140194,140268,MEPHISTOPHELES,mephistopheles,davon,PROAV,davon,24221,,
qd,vnn3.0,140194,140268,MEPHISTOPHELES,mephistopheles,;,$.,--,24221,,
qd,vnn3.0,140194,140268,MEPHISTOPHELES,mephistopheles,das,ART,der,24221,,
qd,vnn3.0,140194,140268,MEPHISTOPHELES,mephistopheles,Volk,NN,volk,24221,,(41)
qd,vnn3.0,140194,140268,MEPHISTOPHELES,mephistopheles,zerstreut,VVFIN,zerstreuen,24221,,
qd,vnn3.0,140194,140268,MEPHISTOPHELES,mephistopheles,sich,PRF,sich,24221,,
qd,vnn3.0,140194,140268,MEPHISTOPHELES,mephistopheles,.,$.,--,24221,,
qd,vnn3.0,140311,140325,_Stage,_Stage,Fausts,NE,faust,24221,,
qd,vnn3.0,140311,140325,_Stage,_Stage,Zimmer,NN,zimmer,24221,,
qd,vnn3.0,140311,140325,_Stage,_Stage,.,$.,--,24221,,
qd,vnn3.0,140342,140349,DOKTOR FAUST,doktor_faust,allein,ADV,allein,24221,,
qd,vnn3.0,140342,140349,DOKTOR FAUST,doktor_faust,.,$.,--,24221,,
qd,vnn3.0,140716,140759,DOKTOR FAUST,doktor_faust,Eine,ART,ein,24221,,
qd,vnn3.0,140716,140759,DOKTOR FAUST,doktor_faust,feurige,ADJA,feurig,24221,,
qd,vnn3.0,140716,140759,DOKTOR FAUST,doktor_faust,Schrift,NN,schrift,24221,,
qd,vnn3.0,140716,140759,DOKTOR FAUST,doktor_faust,erscheint,VVFIN,erscheinen,24221,,
qd,vnn3.0,140716,140759,DOKTOR FAUST,doktor_faust,an,APPR,an,24221,,
qd,vnn3.0,140716,140759,DOKTOR FAUST,doktor_faust,der,ART,der,24221,,
qd,vnn3.0,140716,140759,DOKTOR FAUST,doktor_faust,Wand,NN,wand,24221,,
qd,vnn3.0,140716,140759,DOKTOR FAUST,doktor_faust,:,$.,--,24221,,
qd,vnn3.0,140763,140788,DOKTOR FAUST,doktor_faust,Faust,NN,faust,24221,,
qd,vnn3.0,140763,140788,DOKTOR FAUST,doktor_faust,",","$,",--,24221,,
qd,vnn3.0,140763,140788,DOKTOR FAUST,doktor_faust,deine,PPOSAT,dein,24221,,
qd,vnn3.0,140763,140788,DOKTOR FAUST,doktor_faust,Zeit,NN,zeit,24221,,
qd,vnn3.0,140763,140788,DOKTOR FAUST,doktor_faust,ist,VAFIN,sein,24221,,
qd,vnn3.0,140763,140788,DOKTOR FAUST,doktor_faust,aus,PTKVZ,aus,24221,,
qd,vnn3.0,141352,141381,_Stage,_Stage,Mephistopheles,NN,mephistopheles,24221,,(1)
qd,vnn3.0,141352,141381,_Stage,_Stage,.,$.,--,24221,,
qd,vnn3.0,141352,141381,_Stage,_Stage,Doktor,PROAV,doktor,24221,,(5
qd,vnn3.0,141352,141381,_Stage,_Stage,Faust,NN,faust,24221,,5)
qd,vnn3.0,141352,141381,_Stage,_Stage,.,$.,--,24221,,
qd,vnn3.0,144168,144184,MEPHISTOPHELES,mephistopheles,Die,ART,der,24221,,
qd,vnn3.0,144168,144184,MEPHISTOPHELES,mephistopheles,Uhr,NN,uhr,24221,,
qd,vnn3.0,144168,144184,MEPHISTOPHELES,mephistopheles,schlägt,VVFIN,schlagen,24221,,
qd,vnn3.0,144168,144184,MEPHISTOPHELES,mephistopheles,.,$.,--,24221,,
qd,vnn3.0,144694,144710,MEPHISTOPHELES,mephistopheles,Die,ART,der,24221,,
qd,vnn3.0,144694,144710,MEPHISTOPHELES,mephistopheles,Uhr,NN,uhr,24221,,
qd,vnn3.0,144694,144710,MEPHISTOPHELES,mephistopheles,schlägt,VVFIN,schlagen,24221,,
qd,vnn3.0,144694,144710,MEPHISTOPHELES,mephistopheles,.,$.,--,24221,,
qd,vnn3.0,145401,145414,MEPHISTOPHELES,mephistopheles,Verschwindet,VVPP,verschwinden,24221,,
qd,vnn3.0,145401,145414,MEPHISTOPHELES,mephistopheles,.,$.,--,24221,,
qd,vnn3.0,145434,145491,DOKTOR FAUST,doktor_faust,niederfallend,ADJD,niederfallend,24221,,
qd,vnn3.0,145434,145491,DOKTOR FAUST,doktor_faust,",","$,",--,24221,,
qd,vnn3.0,145434,145491,DOKTOR FAUST,doktor_faust,dann,ADV,dann,24221,,
qd,vnn3.0,145434,145491,DOKTOR FAUST,doktor_faust,aufstehend,ADJD,aufstehend,24221,,
qd,vnn3.0,145434,145491,DOKTOR FAUST,doktor_faust,;,$.,--,24221,,
qd,vnn3.0,145434,145491,DOKTOR FAUST,doktor_faust,mit,APPR,mit,24221,,
qd,vnn3.0,145434,145491,DOKTOR FAUST,doktor_faust,Verzweiflung,NN,verzweiflung,24221,,
qd,vnn3.0,145434,145491,DOKTOR FAUST,doktor_faust,ringend,ADJD,ringend,24221,,
qd,vnn3.0,145434,145491,DOKTOR FAUST,doktor_faust,.,$.,--,24221,,
qd,vnn3.0,145543,145557,DOKTOR FAUST,doktor_faust,Hohngelächter,NN,hohngelächter,24221,,
qd,vnn3.0,145543,145557,DOKTOR FAUST,doktor_faust,.,$.,--,24221,,
qd,vnn3.0,145978,145984,DOKTOR FAUST,doktor_faust,Pause,NN,pause,24221,,
qd,vnn3.0,145978,145984,DOKTOR FAUST,doktor_faust,.,$.,--,24221,,
qd,vnn3.0,146139,146145,DOKTOR FAUST,doktor_faust,Pause,NN,pause,24221,,
qd,vnn3.0,146139,146145,DOKTOR FAUST,doktor_faust,.,$.,--,24221,,
qd,vnn3.0,146366,146372,DOKTOR FAUST,doktor_faust,Pause,NN,pause,24221,,
qd,vnn3.0,146366,146372,DOKTOR FAUST,doktor_faust,.,$.,--,24221,,
qd,vnn3.0,146751,146890,DOKTOR FAUST,doktor_faust,Fausts,NE,faust,24221,,(6
qd,vnn3.0,146751,146890,DOKTOR FAUST,doktor_faust,Vater,NN,vater,24221,,6)
qd,vnn3.0,146751,146890,DOKTOR FAUST,doktor_faust,",","$,",--,24221,,
qd,vnn3.0,146751,146890,DOKTOR FAUST,doktor_faust,Fausts,NE,faust,24221,,(38
qd,vnn3.0,146751,146890,DOKTOR FAUST,doktor_faust,Mutter,NN,mutter,24221,,38)
qd,vnn3.0,146751,146890,DOKTOR FAUST,doktor_faust,",","$,",--,24221,,
qd,vnn3.0,146751,146890,DOKTOR FAUST,doktor_faust,Liese,NN,liese,24221,,(15)
qd,vnn3.0,146751,146890,DOKTOR FAUST,doktor_faust,",","$,",--,24221,,
qd,vnn3.0,146751,146890,DOKTOR FAUST,doktor_faust,Gürgel,NN,gürgel,24221,,
qd,vnn3.0,146751,146890,DOKTOR FAUST,doktor_faust,im,APPRART,in,24221,,
qd,vnn3.0,146751,146890,DOKTOR FAUST,doktor_faust,Hintergrund,NN,hintergrund,24221,,
qd,vnn3.0,146751,146890,DOKTOR FAUST,doktor_faust,erscheinend,ADJD,erscheinend,24221,,
qd,vnn3.0,146751,146890,DOKTOR FAUST,doktor_faust,",","$,",--,24221,,
qd,vnn3.0,146751,146890,DOKTOR FAUST,doktor_faust,in,APPR,in,24221,,
qd,vnn3.0,146751,146890,DOKTOR FAUST,doktor_faust,der,ART,der,24221,,
qd,vnn3.0,146751,146890,DOKTOR FAUST,doktor_faust,Haltung,NN,haltung,24221,,
qd,vnn3.0,146751,146890,DOKTOR FAUST,doktor_faust,der,ART,der,24221,,
qd,vnn3.0,146751,146890,DOKTOR FAUST,doktor_faust,Verzweiflung,NN,verzweiflung,24221,,
qd,vnn3.0,146751,146890,DOKTOR FAUST,doktor_faust,",","$,",--,24221,,
qd,vnn3.0,146751,146890,DOKTOR FAUST,doktor_faust,ihre,PPOSAT,ihr,24221,,
qd,vnn3.0,146751,146890,DOKTOR FAUST,doktor_faust,Arme,NN,arm,24221,,
qd,vnn3.0,146751,146890,DOKTOR FAUST,doktor_faust,gegen,APPR,gegen,24221,,
qd,vnn3.0,146751,146890,DOKTOR FAUST,doktor_faust,Faust,NN,faust,24221,,
qd,vnn3.0,146751,146890,DOKTOR FAUST,doktor_faust,ausstreckend,ADJD,ausstreckend,24221,,
qd,vnn3.0,146751,146890,DOKTOR FAUST,doktor_faust,.,$.,--,24221,,
qd,vnn3.0,146918,146976,DOKTOR FAUST,doktor_faust,In,APPR,in,24221,,
qd,vnn3.0,146918,146976,DOKTOR FAUST,doktor_faust,furchtbarer,ADJA,furchtbar,24221,,
qd,vnn3.0,146918,146976,DOKTOR FAUST,doktor_faust,Verzweiflung,NN,verzweiflung,24221,,
qd,vnn3.0,146918,146976,DOKTOR FAUST,doktor_faust,;,$.,--,24221,,
qd,vnn3.0,146918,146976,DOKTOR FAUST,doktor_faust,die,ART,der,24221,,
qd,vnn3.0,146918,146976,DOKTOR FAUST,doktor_faust,Erscheinung,NN,erscheinung,24221,,
qd,vnn3.0,146918,146976,DOKTOR FAUST,doktor_faust,verschwindet,VVFIN,verschwinden,24221,,
qd,vnn3.0,146918,146976,DOKTOR FAUST,doktor_faust,.,$.,--,24221,,
qd,vnn3.0,147312,147409,DOKTOR FAUST,doktor_faust,Die,ART,der,24221,,
qd,vnn3.0,147312,147409,DOKTOR FAUST,doktor_faust,Glocke,NN,glocke,24221,,
qd,vnn3.0,147312,147409,DOKTOR FAUST,doktor_faust,schlägt,VVFIN,schlagen,24221,,
qd,vnn3.0,147312,147409,DOKTOR FAUST,doktor_faust,zwölf,CARD,zwölf,24221,,
qd,vnn3.0,147312,147409,DOKTOR FAUST,doktor_faust,;,$.,--,24221,,
qd,vnn3.0,147312,147409,DOKTOR FAUST,doktor_faust,Flammen,NN,flamme,24221,,
qd,vnn3.0,147312,147409,DOKTOR FAUST,doktor_faust,fahren,VVFIN,fahren,24221,,
qd,vnn3.0,147312,147409,DOKTOR FAUST,doktor_faust,auf,PTKVZ,auf,24221,,
qd,vnn3.0,147312,147409,DOKTOR FAUST,doktor_faust,",","$,",--,24221,,
qd,vnn3.0,147312,147409,DOKTOR FAUST,doktor_faust,Geister,NN,geist,24221,,
qd,vnn3.0,147312,147409,DOKTOR FAUST,doktor_faust,umringen,VVFIN,umringen,24221,,
qd,vnn3.0,147312,147409,DOKTOR FAUST,doktor_faust,ihn,PPER,ihn,24221,,
qd,vnn3.0,147312,147409,DOKTOR FAUST,doktor_faust,und,KON,und,24221,,
qd,vnn3.0,147312,147409,DOKTOR FAUST,doktor_faust,entführen,VVFIN,entführen,24221,,
qd,vnn3.0,147312,147409,DOKTOR FAUST,doktor_faust,ihn,PPER,ihn,24221,,
qd,vnn3.0,147312,147409,DOKTOR FAUST,doktor_faust,in,APPR,in,24221,,
qd,vnn3.0,147312,147409,DOKTOR FAUST,doktor_faust,der,ART,der,24221,,
qd,vnn3.0,147312,147409,DOKTOR FAUST,doktor_faust,Luft,NN,luft,24221,,
qd,vnn3.0,147312,147409,DOKTOR FAUST,doktor_faust,.,$.,--,24221,,
